"","Abundance","TimeClustNumber","TaxonomicID","SequenceID","0","30","57","83","124","155","195","223","258","308","363","403","432","446","474","516","560","586","601","715","763","783","812","838","869","897","923","949","980","1154","1181","1199","1240","1272","1309","1336","1526","1549","1605","1632","1660","1672","1794","1853","1897","1925","1966","1995","2014","2035","2064","2241","2277","2351","2368","2424","2613","2631","2658","2686","2714","2752","2767","2787","3004","3067","3123","3268","3332","3373","3390","3424","3451","3483","3512","3531","3607","3635","3688","3716","3744","3774","3807","3835","3864","3901","3915","3962","4002","4066","4095"
"1",415,"6","k__Bacteria;p__Actinobacteria;c__Actinobacteria;o__Actinomycetales;unclassified;unclassified;unclassified","ee11be90531e46a6b67b21df44cdeb0c",9,31,4,8,7,2,1,0,2,1,3,18,2,3,4,2,0,1,0,0,4,6,10,9,0,0,0,0,1,11,8,10,3,0,0,1,12,1,1,0,1,2,1,1,15,13,3,0,5,0,1,33,17,1,1,3,35,4,19,1,0,0,0,0,5,0,0,1,2,5,4,0,1,0,3,0,0,3,12,9,3,0,0,0,0,0,0,6,1,18,11
"2",126,"-1","k__Bacteria;p__Actinobacteria;c__Actinobacteria;o__Actinomycetales;unclassified;unclassified;unclassified","050e7b79f50348d2b168367f6cdbf8fd",1,1,12,0,1,0,0,0,4,4,0,4,3,4,0,0,1,0,0,0,0,0,2,0,0,2,0,0,0,0,0,1,1,0,0,0,2,0,0,0,0,3,1,2,9,4,0,2,2,0,1,3,4,5,1,5,8,1,10,0,0,0,0,0,1,0,0,7,1,2,2,0,0,0,1,0,1,1,0,1,1,0,0,0,1,0,0,1,0,0,2
"3",1399,"6","k__Bacteria;p__Actinobacteria;c__Actinobacteria;o__Actinomycetales;Luna1;Luna1-A;unclassified","43738044dbc6f18ad59eab6222a285f8",42,75,46,20,11,6,1,3,7,11,15,52,23,19,18,4,1,1,0,11,4,22,20,19,1,0,5,10,6,24,33,15,7,6,2,5,25,19,2,1,0,9,14,9,40,33,8,8,6,3,28,79,75,2,2,4,76,10,51,3,0,0,1,11,25,7,1,1,0,16,18,4,0,1,7,3,8,20,33,27,10,0,0,0,0,3,7,18,11,86,29
"4",14061,"6","k__Bacteria;p__Actinobacteria;c__Actinobacteria;o__Actinomycetales;unclassified;unclassified;unclassified","d29661f7deec6affef8aff72cc7c0b33",310,924,548,187,189,70,6,14,41,47,116,560,195,224,121,24,12,3,6,25,77,217,323,221,18,11,20,37,40,252,276,171,53,18,21,47,366,164,18,11,18,85,91,59,408,452,104,50,61,22,184,906,836,16,17,87,1057,76,565,14,10,5,8,57,274,39,1,16,24,153,234,23,5,12,49,21,70,95,384,334,106,7,1,4,0,14,44,82,36,579,283
"5",557,"84","k__Bacteria;p__Actinobacteria;c__Actinobacteria;o__Actinomycetales;Luna1;Luna1-A;Luna1-A1","35b675a3397908549a03125dcfc0d744",0,1,0,0,1,10,20,2,0,0,0,1,0,0,1,10,2,0,0,0,0,1,0,1,9,41,25,6,0,2,0,0,5,30,9,0,0,0,0,3,1,2,0,0,1,0,15,43,65,16,4,2,2,2,2,2,0,0,1,8,23,0,0,2,0,2,7,0,0,0,0,13,3,38,5,0,0,0,1,1,0,9,38,51,16,0,0,0,1,1,0
"6",1001,"6","k__Bacteria;p__Actinobacteria;c__Actinobacteria;o__Actinomycetales;Luna1;Luna1-A;unclassified","a3c83344ea956e28d88a2559b909c97d",30,65,46,7,15,5,0,1,2,6,5,39,17,18,8,2,0,1,1,1,3,8,17,24,0,0,0,4,3,20,24,8,10,1,2,3,24,14,2,0,3,4,1,4,30,36,12,2,10,1,16,70,66,3,2,6,69,5,54,0,1,0,0,5,17,2,0,0,1,13,18,2,0,0,4,0,1,6,19,31,3,0,0,0,0,1,3,6,2,22,14
"7",284,"-1","k__Bacteria;p__Actinobacteria;c__Actinobacteria;o__Actinomycetales;Luna1;Luna1-A;unclassified","e95936a6d68c490465659a62606b88f3",9,15,14,8,0,2,0,0,0,0,4,10,4,5,0,1,0,0,0,0,1,2,10,3,0,0,0,1,1,8,7,2,1,1,0,3,7,3,0,1,1,1,4,2,10,1,0,3,2,0,3,17,16,2,0,2,20,3,12,0,0,0,0,1,8,0,0,0,0,3,8,0,0,0,5,0,1,1,5,6,1,0,0,0,1,0,2,2,0,11,7
"8",145,"-1","k__Bacteria;p__Actinobacteria;c__Actinobacteria;o__Actinomycetales;Luna1;Luna1-A;unclassified","679143bd7f5f823fa60ed9f7b0f9f008",2,8,10,2,1,1,0,0,3,1,2,7,0,3,1,1,0,0,0,2,1,1,2,4,0,0,0,0,0,5,2,0,0,1,0,0,1,0,1,0,0,0,3,1,3,7,0,1,0,0,0,7,7,0,0,1,7,0,11,1,0,0,0,0,3,0,0,0,1,2,2,0,0,0,0,1,2,0,8,7,0,0,0,0,0,1,1,1,0,4,1
"9",726,"6","k__Bacteria;p__Actinobacteria;c__Actinobacteria;o__Actinomycetales;Luna1;Luna1-A;unclassified","2e4fce62903616d6b59144e54d8e60d5",9,33,29,7,4,4,0,0,1,0,7,31,12,20,5,1,0,0,0,1,2,6,19,9,1,1,2,1,2,16,13,5,3,0,0,1,13,20,1,1,0,9,8,2,27,23,4,1,3,1,11,71,47,6,1,2,53,4,33,0,1,0,1,4,14,2,0,0,0,11,17,1,1,0,4,0,6,6,8,14,1,0,0,0,0,1,1,3,2,29,13
"10",157,"-1","k__Bacteria;p__Actinobacteria;c__Actinobacteria;o__Actinomycetales;Luna1;Luna1-A;unclassified","04698d4dd7e70b08671d589a03cef708",1,13,4,1,3,0,0,1,0,0,3,4,3,6,1,0,0,0,0,0,0,2,2,2,1,0,0,0,1,2,4,4,0,0,0,1,4,0,0,0,0,3,1,2,4,6,4,0,0,0,0,9,8,0,0,1,12,3,6,0,0,0,0,2,3,0,0,1,0,5,0,0,0,0,3,0,1,0,3,2,2,0,1,0,0,0,0,1,1,7,3
"11",276,"-1","k__Bacteria;p__Actinobacteria;c__Actinobacteria;o__Actinomycetales;unclassified;unclassified;unclassified","4f7aa03e0a35a01c8955e4049e02de95",4,4,10,5,8,3,0,0,2,0,4,7,6,5,3,0,0,1,2,3,0,2,8,6,0,0,0,2,2,4,4,4,2,1,3,1,11,5,0,1,0,3,2,1,10,9,2,3,1,0,5,7,1,0,1,1,12,0,8,0,0,0,0,0,10,0,0,0,1,3,6,0,0,2,2,2,6,2,14,3,3,0,0,0,0,0,0,6,1,14,12
"12",248,"6","k__Bacteria;p__Actinobacteria;c__Actinobacteria;o__Actinomycetales;f__Microbacteriaceae;unclassified;unclassified","c3e0c27d5a97c1e60d6fa56954cba9fc",5,16,7,3,2,0,0,0,0,0,4,11,7,6,0,1,1,0,1,1,1,3,9,4,0,0,1,0,1,3,4,1,3,0,0,3,10,4,0,0,1,1,1,0,4,8,5,1,0,0,7,14,14,0,0,2,9,2,14,2,0,0,0,0,4,0,0,2,1,2,4,0,0,0,0,0,1,4,7,5,0,0,0,0,0,0,0,0,0,12,9
"13",287,"6","k__Bacteria;p__Actinobacteria;c__Actinobacteria;o__Actinomycetales;Luna1;Luna1-A;unclassified","565d3b19a650499e4dd86be1bfd3baf7",11,17,11,3,4,0,0,0,0,0,6,19,10,5,0,0,0,1,1,2,1,7,6,5,0,0,2,0,1,3,3,5,1,0,0,0,4,4,2,0,0,1,0,1,8,12,5,1,2,1,7,29,14,0,1,3,11,1,10,0,0,0,0,2,4,0,0,0,0,2,1,0,1,0,1,2,0,3,4,3,1,0,0,0,0,0,2,0,1,13,6
"14",1223,"178","k__Bacteria;p__Actinobacteria;c__Actinobacteria;o__Actinomycetales;Luna1;Luna1-A;unclassified","b932cc0bd2a2027dea822243692e714b",8,18,44,17,22,1,1,0,5,4,13,46,22,28,14,3,1,0,0,5,19,21,45,22,1,3,0,3,2,25,32,19,4,3,3,4,46,27,4,3,3,10,12,14,65,26,13,4,2,3,22,16,22,0,2,1,80,1,22,1,0,0,2,2,16,2,0,0,0,14,30,3,1,1,8,2,9,7,80,25,16,1,1,0,0,2,0,20,2,68,54
"15",235,"6","k__Bacteria;p__Actinobacteria;c__Actinobacteria;o__Actinomycetales;Luna1;Luna1-A;unclassified","78d24e9d24b8150e5bb4fc5aafb77591",4,13,6,0,4,3,0,0,1,2,5,9,7,5,2,0,1,0,1,0,1,3,7,4,0,0,0,0,1,1,6,1,2,3,0,1,5,2,0,0,1,0,1,1,6,9,4,1,0,0,3,12,18,2,0,1,15,3,12,1,0,0,0,1,4,0,0,0,1,2,2,1,0,0,0,1,0,1,6,6,4,0,0,0,0,1,1,1,0,6,7
"16",824,"6","k__Bacteria;p__Actinobacteria;c__Actinobacteria;o__Actinomycetales;Luna1;Luna1-A;unclassified","0bc472a82223a15d5bc39f13476156d8",14,57,48,14,16,4,1,0,3,0,7,20,10,5,8,2,1,0,0,5,5,11,9,8,3,1,1,0,2,14,17,10,4,1,4,3,17,10,1,1,1,5,2,2,16,19,6,2,3,1,8,73,72,0,2,5,70,6,51,0,0,1,0,4,23,3,0,1,1,7,14,0,1,1,2,2,5,4,2,26,7,0,0,0,0,2,1,4,2,15,15
"17",313,"6","k__Bacteria;p__Actinobacteria;c__Actinobacteria;o__Actinomycetales;unclassified;unclassified;unclassified","3ddbcba210074b8c679e0bb547b10294",6,33,9,5,3,3,0,0,3,0,2,11,3,3,2,2,0,1,0,0,2,2,6,1,0,0,1,1,2,6,4,5,1,0,1,2,6,5,0,0,2,2,1,0,14,7,3,1,0,0,8,18,24,1,0,1,26,5,6,0,0,0,0,1,7,0,0,0,1,0,7,1,0,0,2,0,1,2,13,9,2,0,0,0,0,0,0,1,1,9,6
"18",127,"-1","k__Bacteria;p__Actinobacteria;c__Actinobacteria;o__Actinomycetales;Luna1;Luna1-A;unclassified","b6f533e8e763474354bc92761a95a5be",0,2,8,1,5,2,0,0,0,0,3,4,0,1,3,0,0,0,0,3,3,5,2,0,0,0,2,0,1,2,3,0,1,2,1,0,6,3,0,0,0,0,2,3,3,3,1,2,0,0,3,1,1,0,0,0,2,0,1,0,0,0,0,0,3,1,0,0,0,1,0,0,0,0,0,0,2,2,8,0,2,1,0,0,0,0,0,1,0,6,15
"19",221,"6","k__Bacteria;p__Actinobacteria;c__Actinobacteria;o__Actinomycetales;unclassified;unclassified;unclassified","1f442f6d72c0249436f42dc1bfb8014f",3,11,6,3,4,0,0,1,0,0,2,7,4,2,2,0,0,0,0,0,1,2,6,6,0,0,0,0,1,7,4,5,1,1,0,0,4,3,1,0,1,1,0,1,7,8,1,0,0,2,4,12,25,2,0,1,21,0,11,0,0,0,0,0,8,1,0,0,0,1,3,0,0,0,1,1,3,2,4,4,0,0,0,0,0,0,0,4,0,4,1
"20",139,"-1","k__Bacteria;p__Actinobacteria;c__Actinobacteria;o__Actinomycetales;unclassified;unclassified;unclassified","19ec5767b6ae904a03e154495a33165b",7,12,5,0,3,0,0,0,0,0,2,4,3,2,1,0,0,0,0,0,0,3,1,1,0,0,0,1,0,4,2,0,0,0,0,0,2,1,0,0,2,0,2,0,4,1,4,0,1,1,3,12,5,0,0,4,11,1,6,0,0,0,0,3,1,0,0,0,0,0,1,0,0,0,0,0,0,1,8,2,1,0,0,0,0,0,2,1,0,6,2
"21",242,"6","k__Bacteria;p__Actinobacteria;c__Actinobacteria;o__Actinomycetales;Luna1;Luna1-A;unclassified","4b563b7f92f6849884a24cb16189cf9f",6,17,12,4,2,0,0,1,0,0,3,5,3,4,2,1,0,0,0,1,3,6,4,5,4,1,0,0,0,5,3,4,1,1,2,3,8,3,0,0,1,1,1,0,7,3,2,0,3,0,1,20,24,0,0,0,20,1,13,1,0,0,3,0,3,2,0,0,0,2,0,0,0,0,0,1,2,0,1,7,0,0,0,0,0,0,0,2,1,3,3
"22",1231,"6","k__Bacteria;p__Actinobacteria;c__Actinobacteria;o__Actinomycetales;unclassified;unclassified;unclassified","e0bc879ef704f47383cd2441f7ff1cc1",20,66,45,15,20,7,2,1,3,5,10,53,25,19,7,1,0,0,0,1,5,17,31,18,3,1,0,2,2,31,25,9,6,1,3,2,30,17,2,1,1,6,10,5,40,33,6,9,6,3,8,98,86,0,2,4,109,3,72,0,1,0,1,4,16,3,0,1,1,13,23,1,0,1,5,0,3,10,29,23,10,1,1,0,0,1,2,8,2,41,23
"23",891,"6","k__Bacteria;p__Actinobacteria;c__Actinobacteria;o__Actinomycetales;Luna1;Luna1-A;unclassified","d716726d2544f661feb76868c63f470d",18,64,43,7,10,2,0,1,2,5,14,45,16,10,5,1,0,0,2,8,2,11,19,21,1,0,0,4,2,14,14,4,3,4,0,6,19,19,1,0,3,6,7,2,36,28,6,2,7,3,13,69,51,3,0,6,67,10,35,0,0,0,1,6,17,2,0,1,3,8,13,2,0,1,1,1,3,8,13,17,5,1,0,0,0,0,3,3,1,17,13
"24",3810,"6","k__Bacteria;p__Actinobacteria;c__Actinobacteria;o__Actinomycetales;unclassified;unclassified;unclassified","c5e96b2ddd8e1c0ea341a57ac88c892e",86,223,144,42,55,18,0,1,16,14,42,146,48,55,38,7,3,2,0,8,23,58,92,74,8,2,7,5,6,81,98,41,15,4,7,14,97,62,1,3,5,27,26,17,123,123,29,16,21,5,54,220,238,4,9,23,242,25,149,2,0,1,1,17,68,12,0,5,10,50,47,8,0,4,18,8,17,31,115,90,23,4,3,0,0,10,11,21,14,130,88
"25",421,"6","k__Bacteria;p__Actinobacteria;c__Actinobacteria;o__Actinomycetales;unclassified;unclassified;unclassified","5580b3768a168cabe401fa5868cecb1e",10,37,12,7,12,4,0,1,2,1,1,15,5,4,9,0,1,2,2,1,1,3,16,6,2,0,0,3,1,12,9,9,1,0,0,2,9,5,1,0,0,8,1,3,13,9,2,4,0,0,4,33,19,2,0,0,32,3,10,0,0,0,0,1,10,3,0,0,2,6,2,0,0,0,0,1,3,1,10,9,2,0,0,0,0,0,0,2,1,13,6
"26",1268,"6","k__Bacteria;p__Actinobacteria;c__Actinobacteria;o__Actinomycetales;Luna1;unclassified;unclassified","298af0e5ec8c3672f592e75725277355",21,97,62,9,22,9,0,1,7,2,10,47,16,14,11,1,0,0,0,5,4,11,27,31,1,0,1,2,4,13,26,16,5,2,2,0,35,12,3,2,1,9,6,7,32,32,7,5,3,2,12,143,97,3,0,6,99,6,54,2,2,0,0,3,25,2,2,0,2,10,21,1,1,1,5,1,4,10,13,32,9,0,0,0,0,1,5,11,3,25,22
"27",394,"-1","k__Bacteria;p__Actinobacteria;c__Actinobacteria;o__Actinomycetales;Luna1;Luna1-A;unclassified","ddabd09d26adcfdeffc2a907e7c9512b",12,18,19,5,2,5,0,0,0,1,5,16,8,3,4,0,0,0,0,3,5,3,11,7,1,1,1,0,0,9,10,0,1,1,2,1,12,1,0,0,1,2,4,3,7,16,0,4,1,1,7,35,14,0,0,4,28,2,19,3,0,0,0,4,10,1,0,1,1,6,6,1,0,0,0,0,2,0,8,10,1,0,0,0,0,2,0,2,2,18,1
"28",627,"6","k__Bacteria;p__Actinobacteria;c__Actinobacteria;o__Actinomycetales;Luna1;Luna1-A;unclassified","50ac90552f6991d979452129bc0dd717",12,39,29,7,8,2,0,0,2,2,10,32,6,8,8,0,0,0,1,2,1,7,12,8,0,0,1,1,4,8,11,11,3,2,0,4,22,10,1,0,3,2,7,2,15,19,1,0,2,2,4,38,43,0,0,6,51,6,28,0,2,0,0,5,12,0,0,1,1,9,7,3,0,1,4,0,2,4,12,14,8,0,0,0,0,1,4,4,2,17,11
"29",40057,"84","k__Bacteria;p__Actinobacteria;c__Actinobacteria;o__Actinomycetales;Luna1;Luna1-A;Luna1-A1","889b14b4775f7a0492dae4f7d2c88aa2",5,0,1,2,168,786,1478,192,6,0,0,1,6,8,66,1170,364,6,1,0,0,0,3,7,832,2659,1928,375,61,1,1,15,411,2205,565,191,2,3,7,55,185,354,3,0,0,4,1464,3007,5043,1162,405,0,0,143,257,94,1,0,55,236,1522,119,51,32,0,269,701,2,0,1,19,552,519,2114,333,8,1,0,1,0,9,396,2748,3751,816,64,27,3,0,5,0
"30",321,"84","k__Bacteria;p__Actinobacteria;c__Actinobacteria;o__Actinomycetales;Luna1;Luna1-A;Luna1-A1","7b836e305ee9f1f83ea9bac9511e9c52",0,0,0,0,2,10,9,2,0,0,0,0,0,0,0,12,4,0,0,0,0,0,0,0,4,18,16,3,0,0,0,0,4,17,4,0,0,0,0,1,1,3,0,0,0,0,11,18,44,6,3,0,0,3,1,0,0,0,0,3,10,0,0,0,0,3,10,0,0,0,0,4,5,17,3,0,0,0,0,0,0,3,24,30,11,1,1,0,0,0,0
"31",45102,"178","k__Bacteria;p__Actinobacteria;c__Actinobacteria;o__Actinomycetales;Luna1;Luna1-A;unclassified","e79836579ea9c3db7c4c0eb1ea5757c1",349,701,2024,675,839,118,9,51,173,114,429,1457,539,993,368,125,21,52,27,272,676,996,1692,970,73,63,153,159,213,970,1250,415,253,109,90,203,1766,780,87,60,130,312,273,384,2087,1307,483,288,106,109,750,877,729,23,31,67,2749,55,1066,27,4,15,44,98,768,173,6,7,25,550,1068,152,13,63,177,121,287,304,2213,1031,452,33,6,8,13,86,183,827,120,2194,1894
"32",133,"-1","k__Bacteria;p__Actinobacteria;c__Actinobacteria;o__Actinomycetales;Luna1;Luna1-A;unclassified","35c4d95c54f2dcc2156d98e9dcdb8da7",0,0,0,0,0,2,4,0,0,0,0,0,1,0,0,3,1,0,0,0,0,0,0,0,3,5,9,0,0,0,0,0,1,3,3,0,0,0,0,0,1,0,0,0,0,0,10,14,18,1,4,1,1,1,1,1,0,0,2,0,5,0,0,0,0,1,3,0,0,0,0,2,1,8,0,0,0,0,1,0,0,1,4,14,2,0,0,1,0,0,0
"33",212,"6","k__Bacteria;p__Actinobacteria;c__Actinobacteria;o__Actinomycetales;Luna1;Luna1-A;unclassified","e07d4a2a003bca2ba1112558e424e3c0",2,12,15,2,2,3,0,0,0,4,2,5,2,4,2,0,0,0,0,0,3,4,8,4,0,0,0,1,0,7,5,4,0,0,1,0,5,2,0,0,0,1,2,1,2,2,0,1,1,0,2,5,11,0,0,0,29,1,10,0,0,0,0,1,7,2,0,0,0,0,4,1,0,0,1,1,3,1,4,8,0,0,0,0,0,0,0,3,0,8,1
"34",101,"-1","k__Bacteria;p__Actinobacteria;c__Actinobacteria;o__Actinomycetales;Luna1;Luna1-A;unclassified","ff2c200cde53065fe1e38e9499bb32d2",2,9,4,0,3,0,0,0,0,0,0,7,2,1,0,0,0,0,0,0,0,1,1,2,1,0,0,0,0,2,3,1,1,0,0,0,4,2,1,0,0,0,0,1,4,3,0,0,0,0,4,3,7,0,0,0,5,1,7,0,0,0,0,0,1,0,0,0,0,1,1,0,0,1,1,0,0,3,2,2,0,0,0,0,0,1,0,1,0,3,2
"35",171,"-1","k__Bacteria;p__Actinobacteria;c__Actinobacteria;o__Actinomycetales;Luna1;Luna1-A;unclassified","9aab563baec2e201f304e6a008768ed9",5,12,7,1,6,1,0,0,0,0,3,3,0,3,3,0,0,0,0,2,1,4,5,2,0,0,0,1,2,5,1,1,1,0,0,1,2,0,0,0,1,1,2,1,5,4,1,0,0,3,2,20,14,0,0,0,14,1,5,0,0,0,0,1,2,2,0,0,1,0,5,0,0,0,1,0,0,0,1,0,1,0,0,0,0,0,1,1,1,6,2
"36",104,"-1","k__Bacteria;p__Actinobacteria;c__Actinobacteria;o__Actinomycetales;Luna1;Luna1-A;unclassified","ad95a4f3a4faeb26f07de0688c58f24d",0,8,7,2,3,0,0,1,0,1,0,2,1,1,3,0,0,0,0,0,0,1,2,3,0,1,0,0,1,1,2,1,0,0,0,1,1,1,0,0,1,0,0,0,0,1,1,0,0,1,0,14,7,0,0,0,9,1,8,0,0,0,1,0,2,1,0,0,0,6,0,0,0,0,0,0,1,1,0,3,1,0,0,0,0,0,0,0,0,0,1
"37",100,"-1","k__Bacteria;p__Actinobacteria;c__Actinobacteria;o__Actinomycetales;Luna1;unclassified;unclassified","89b6449264d24ab60b3cd3dcc51d690c",3,6,0,5,2,1,0,0,0,0,4,2,0,1,0,0,0,1,0,0,0,1,1,4,0,0,0,0,0,2,1,3,0,0,0,1,1,0,0,0,0,0,0,1,6,2,0,2,1,0,2,5,8,0,0,2,6,1,1,1,0,0,0,0,3,0,0,0,0,2,1,0,0,0,0,0,0,0,3,5,0,0,0,0,0,0,1,0,0,5,3
"38",193,"-1","k__Bacteria;p__Actinobacteria;c__Actinobacteria;o__Actinomycetales;Luna1;Luna1-A;unclassified","745358cdbca66b71ea6ce95a0d9dd7ff",1,4,2,0,0,8,6,0,0,0,0,1,1,0,1,5,1,0,0,0,0,1,0,2,5,10,7,0,0,0,2,1,1,12,2,0,1,0,0,0,1,3,0,0,0,1,4,7,32,5,0,1,4,0,1,0,3,0,3,2,1,0,0,0,1,1,0,0,0,0,0,1,2,11,2,0,0,0,0,0,0,3,11,13,3,1,0,1,0,1,0
"39",254,"-1","k__Bacteria;p__Actinobacteria;c__Actinobacteria;o__Actinomycetales;Luna1;Luna1-A;unclassified","3f886af4da65cd8e4bdb7d92200c60e0",0,2,1,0,1,3,14,0,0,0,0,0,0,0,0,7,2,0,0,0,0,0,0,0,8,16,13,0,0,0,0,0,2,18,5,2,1,0,0,0,0,5,0,0,0,0,1,21,39,6,1,0,0,4,1,0,0,0,0,5,10,0,1,0,0,0,7,0,0,0,0,0,1,13,2,0,0,0,1,0,0,4,8,22,6,0,0,0,0,0,1
"40",262,"-1","k__Bacteria;p__Actinobacteria;c__Actinobacteria;o__Actinomycetales;unclassified;unclassified;unclassified","4e5dc16712267da8077944c5c5831d4b",5,15,10,9,6,0,0,0,0,0,4,6,4,3,1,1,0,0,0,0,1,5,2,5,0,0,1,1,3,3,3,1,2,0,0,0,9,2,0,0,0,5,4,2,4,14,1,0,0,0,2,8,20,0,1,0,31,1,9,0,0,0,0,0,5,1,0,1,1,6,3,1,0,0,2,0,1,1,4,8,3,1,0,0,0,0,0,2,2,11,5
"41",282,"6","k__Bacteria;p__Actinobacteria;c__Actinobacteria;o__Actinomycetales;Luna1;Luna1-A;unclassified","aaee921e878218c9c1256878f259437c",5,21,6,5,4,3,0,0,0,0,3,9,4,2,2,0,0,1,2,1,0,5,2,4,1,0,0,0,0,5,4,4,1,0,0,0,8,3,0,0,0,4,2,1,8,10,2,1,2,2,1,17,26,0,1,1,20,4,10,2,0,1,1,2,7,0,0,1,1,5,10,0,0,0,1,0,2,1,4,5,1,1,0,1,0,0,1,2,1,11,4
"42",217,"-1","k__Bacteria;p__Actinobacteria;c__Actinobacteria;o__Actinomycetales;f__Microbacteriaceae;unclassified;unclassified","ceac614e9d349ef3ff144c4075a17418",0,1,13,2,3,3,0,1,2,1,1,0,1,6,1,1,0,0,0,3,1,6,7,4,1,2,2,6,7,5,2,1,3,3,4,6,4,1,1,0,3,4,3,4,9,3,2,0,1,7,10,3,2,0,1,0,4,0,2,0,0,1,0,1,3,0,0,0,0,0,4,1,2,0,3,0,3,2,2,3,1,0,1,0,0,0,2,8,1,7,9
"43",786,"6","k__Bacteria;p__Actinobacteria;c__Actinobacteria;o__Actinomycetales;unclassified;unclassified;unclassified","5aa53ebd9c44550f45afda5417b0d6a4",16,63,25,16,8,4,1,0,0,3,10,40,10,11,3,0,0,0,0,0,2,10,14,10,1,1,1,2,0,10,15,11,4,2,2,2,27,14,0,1,5,4,3,2,21,27,9,5,2,2,8,50,50,1,0,9,56,13,47,0,1,0,0,1,20,2,0,0,7,13,11,1,0,1,1,0,5,8,6,13,6,0,0,2,0,1,4,5,1,14,10
"44",125,"-1","k__Bacteria;p__Actinobacteria;c__Actinobacteria;o__Actinomycetales;unclassified;unclassified;unclassified","bb59bf4d6c8f93f3ca5b170df5f6be9f",2,7,4,2,3,1,0,0,1,0,2,5,3,0,0,0,0,0,0,0,0,4,4,5,0,1,0,0,1,2,5,1,0,1,0,0,7,0,0,0,0,0,0,1,2,2,3,2,1,0,4,8,8,0,0,0,6,2,0,0,0,0,0,0,4,0,0,1,0,2,0,0,0,0,3,0,0,0,3,5,0,0,0,0,0,0,1,0,0,3,3
"45",153,"6","k__Bacteria;p__Actinobacteria;c__Actinobacteria;o__Actinomycetales;unclassified;unclassified;unclassified","6f36f186c72f91c58edbcff4324d6e4c",3,10,5,3,0,1,0,0,0,0,2,6,4,1,1,0,0,0,0,0,1,1,4,4,0,0,0,0,0,2,4,1,0,2,0,1,2,2,0,0,0,0,0,4,9,8,0,3,0,0,1,10,7,0,0,1,14,2,7,0,0,0,0,0,3,0,0,0,1,2,1,1,0,0,0,0,0,2,4,3,0,0,0,0,0,0,1,1,0,7,1
"46",650,"6","k__Bacteria;p__Actinobacteria;c__Actinobacteria;o__Actinomycetales;unclassified;unclassified;unclassified","d055055c96da5335cf1f880e8ff52a1a",12,50,29,11,12,3,0,1,5,2,9,21,0,8,5,0,0,0,0,2,4,10,10,10,1,0,1,1,2,8,13,8,7,1,1,2,9,10,1,0,2,0,5,3,16,13,7,3,5,3,12,49,55,1,0,6,61,1,35,1,1,1,0,3,13,0,0,1,1,6,7,0,0,0,3,1,4,5,4,12,4,1,0,0,0,4,5,6,2,10,9
"47",1388,"84","k__Bacteria;p__Actinobacteria;c__Actinobacteria;o__Actinomycetales;Luna1;Luna1-A;Luna1-A1","f9837e04b99f0555b4213dc727233eb3",0,1,0,1,6,20,62,7,0,0,0,1,2,0,5,46,11,0,0,0,0,0,1,2,21,90,79,13,2,1,0,1,9,56,17,5,1,1,0,1,8,13,0,0,1,0,51,97,170,32,15,0,3,3,10,8,2,0,5,4,59,9,2,4,0,3,25,0,0,0,1,12,25,77,4,1,1,0,2,4,1,11,101,127,32,1,0,1,0,0,1
"48",757,"6","k__Bacteria;p__Actinobacteria;c__Actinobacteria;o__Actinomycetales;Luna1;Luna1-A;unclassified","a90999a20edf6fbe7a5b5d4eaf196ca6",20,57,31,9,13,3,0,0,3,2,11,25,19,13,5,0,0,0,0,1,5,9,21,12,1,1,0,1,4,17,12,8,4,0,1,6,15,11,0,1,2,3,6,8,20,29,4,4,2,0,7,49,48,0,1,1,54,4,33,1,1,0,1,3,8,4,0,1,1,5,9,3,0,0,1,0,4,6,16,18,3,0,0,0,0,0,3,5,1,34,13
"49",323,"-1","k__Bacteria;p__Actinobacteria;c__Actinobacteria;o__Actinomycetales;Luna1;unclassified;unclassified","84b31b742778a96cd5d41fcc36399473",6,9,12,5,5,0,1,0,1,1,1,17,7,2,2,0,0,0,0,4,2,5,6,5,1,0,0,0,2,14,10,1,3,0,1,3,5,3,0,0,0,2,1,2,7,7,4,1,2,1,5,31,13,0,1,4,18,2,8,0,1,0,2,1,6,0,0,0,3,2,6,0,1,0,1,0,3,2,7,14,3,0,0,0,0,1,1,2,1,15,8
"50",144,"-1","k__Bacteria;p__Actinobacteria;c__Actinobacteria;o__Actinomycetales;unclassified;unclassified;unclassified","8375dfd559c7f836d7e4709d62005a09",2,12,2,1,2,2,0,0,0,0,1,6,5,0,4,0,0,0,0,0,0,2,2,2,0,0,0,0,0,0,9,1,2,0,0,0,1,3,0,0,0,2,1,0,5,4,2,0,0,0,2,11,9,1,0,0,8,1,8,0,0,1,0,2,4,1,0,0,0,1,2,0,0,0,1,0,1,1,6,1,0,0,0,0,0,0,1,1,0,7,1
"51",322,"6","k__Bacteria;p__Actinobacteria;c__Actinobacteria;o__Actinomycetales;Luna1;Luna1-A;unclassified","3d6d02bd184a085c1aeffdde489ac7b5",6,25,13,3,4,1,0,0,0,0,5,10,2,6,4,0,1,0,0,2,4,3,5,1,0,1,1,1,1,3,8,4,2,0,0,1,11,5,0,1,0,1,4,1,14,12,4,0,1,0,3,15,14,0,0,6,30,0,11,0,0,0,0,1,9,1,0,0,1,3,6,2,0,1,1,0,1,1,5,11,4,0,0,0,0,0,1,3,0,10,11
"52",200,"6","k__Bacteria;p__Actinobacteria;c__Actinobacteria;o__Actinomycetales;Luna1;Luna1-A;unclassified","e8dd75728b8c2c3285cc298b524ee592",5,15,9,4,3,1,0,0,1,1,3,9,5,3,2,0,0,0,0,0,0,6,4,1,1,0,2,1,1,0,1,1,0,0,0,1,6,3,1,0,0,0,2,2,8,8,0,0,0,0,4,18,14,0,0,3,13,2,7,2,0,0,0,1,4,1,0,2,1,3,2,1,0,0,1,0,0,1,2,2,0,0,0,0,1,0,0,0,0,3,2
"53",471,"6","k__Bacteria;p__Actinobacteria;c__Actinobacteria;o__Actinomycetales;unclassified;unclassified;unclassified","3e77749fe4c3cdc53d7ffc747e5d3059",11,35,17,5,7,1,0,1,2,0,5,13,11,10,3,1,0,0,1,1,1,8,12,11,0,0,0,1,1,11,15,4,2,1,0,0,6,8,0,0,0,4,3,3,9,13,3,3,1,2,7,20,38,2,0,2,49,3,19,1,0,0,0,0,12,0,0,0,0,5,4,0,0,0,0,2,3,2,15,9,5,0,0,0,0,0,0,0,1,20,6
"54",462,"6","k__Bacteria;p__Actinobacteria;c__Actinobacteria;o__Actinomycetales;Luna1;Luna1-A;unclassified","a07bf645b358e855fb53f439e9ed90c4",9,44,23,6,10,1,1,0,2,3,5,28,9,9,0,0,0,0,0,1,4,4,4,5,0,0,0,0,4,8,6,7,0,0,0,2,12,9,0,0,2,6,1,1,14,15,0,3,1,0,4,31,22,0,0,1,43,1,20,0,0,0,0,2,9,1,0,0,3,7,6,1,0,0,3,1,5,1,4,9,4,0,0,0,0,1,1,4,0,14,5
"55",195,"-1","k__Bacteria;p__Actinobacteria;c__Actinobacteria;o__Actinomycetales;Luna1;Luna1-A;unclassified","a48c22c5dc1eef3607494fd8021b2eee",6,12,8,2,1,1,0,0,1,0,3,5,1,1,1,0,0,0,0,0,0,0,5,2,1,0,0,0,0,3,0,0,1,0,0,0,3,4,0,0,0,3,0,1,13,7,0,0,1,1,5,7,26,1,0,1,12,0,11,0,0,0,0,3,5,1,0,1,0,5,1,0,0,0,1,0,1,2,12,5,1,0,0,0,0,0,1,0,0,6,0
"56",427,"6","k__Bacteria;p__Actinobacteria;c__Actinobacteria;o__Actinomycetales;Luna1;Luna1-A;unclassified","72c6f03a94b8f6f405193fc2a9730177",10,28,23,9,6,4,1,1,1,0,3,14,3,11,3,0,0,0,0,3,2,8,10,11,1,0,0,1,1,7,5,4,4,1,1,3,15,7,0,0,1,2,2,0,15,13,5,2,0,0,3,26,26,0,1,6,32,3,22,0,0,0,1,0,10,2,0,0,2,3,6,1,1,0,1,1,2,3,1,7,3,1,1,0,0,1,1,2,0,10,7
"57",137,"-1","k__Bacteria;p__Actinobacteria;c__Actinobacteria;o__Actinomycetales;unclassified;unclassified;unclassified","d7ae5cf6af73cd92c0707cce5e3b4fac",1,12,6,3,3,0,0,0,1,0,3,2,0,3,0,0,0,0,0,0,3,4,5,2,0,1,0,1,0,3,5,2,2,0,0,0,2,1,0,0,0,0,1,1,4,3,1,1,1,0,1,11,5,0,0,0,17,2,5,0,0,0,0,1,3,0,0,0,1,0,0,0,0,0,1,0,0,0,3,2,2,0,0,0,0,0,0,1,0,3,2
"58",734,"6","k__Bacteria;p__Actinobacteria;c__Actinobacteria;o__Actinomycetales;Luna1;Luna1-A;unclassified","669c9f4ed4720b753ab91bc9d0f64070",12,42,33,9,9,6,0,0,8,1,10,24,10,9,5,2,0,0,0,2,2,14,17,12,0,1,2,2,3,11,20,11,0,4,1,4,18,9,1,0,0,2,7,3,18,27,3,5,4,1,12,35,52,2,2,6,62,5,43,1,4,0,1,2,9,3,0,0,0,7,13,1,1,3,3,1,9,8,3,20,3,0,0,0,0,0,4,6,2,22,5
"59",354,"-1","k__Bacteria;p__Actinobacteria;c__Actinobacteria;o__Actinomycetales;unclassified;unclassified;unclassified","a5343e02274847adb99ddc1ba80ebc3b",17,28,12,4,6,2,0,0,0,0,9,8,4,5,1,1,0,1,1,1,0,3,3,5,0,0,0,1,2,6,9,2,3,0,0,0,8,5,0,0,0,3,1,3,11,14,1,1,2,0,3,32,18,0,2,2,19,4,17,0,0,0,1,1,12,2,0,1,0,2,7,1,0,1,1,1,4,0,6,7,2,1,0,0,0,0,2,2,4,10,6
"60",377,"6","k__Bacteria;p__Actinobacteria;c__Actinobacteria;o__Actinomycetales;Luna1;Luna1-A;unclassified","f60101c43b44d8513bef6d3f57946b67",7,25,13,8,2,0,0,0,3,41,10,8,10,10,1,1,1,0,0,2,4,2,6,5,0,0,1,0,1,10,5,2,1,1,1,0,7,5,1,1,1,3,3,1,11,10,2,1,2,0,1,33,30,0,1,1,18,1,12,0,0,0,0,0,3,1,0,0,1,2,12,0,0,0,5,1,1,2,7,6,0,0,0,0,0,0,0,0,0,7,3
"61",1869,"6","k__Bacteria;p__Actinobacteria;c__Actinobacteria;o__Actinomycetales;unclassified;unclassified;unclassified","eea11a3b7a78e9c407e0bd49191dff9c",44,128,65,30,25,14,0,4,4,2,18,77,23,38,26,4,1,1,1,2,14,16,30,24,3,3,3,4,2,38,37,23,8,0,4,8,53,19,2,1,2,11,10,9,63,50,9,5,10,3,27,93,93,1,3,13,183,9,55,2,2,1,0,8,32,7,0,4,7,26,47,4,0,1,11,1,9,14,60,42,8,0,0,0,0,5,8,12,5,66,39
"62",276,"6","k__Bacteria;p__Actinobacteria;c__Actinobacteria;o__Actinomycetales;unclassified;unclassified;unclassified","61002ce97a554c403097abc57c445245",7,21,14,6,4,1,1,0,1,0,3,7,3,2,0,0,0,0,1,1,1,3,5,4,0,0,0,0,1,5,10,1,4,1,0,1,9,3,0,1,0,2,4,1,8,7,4,0,1,2,6,19,17,0,0,0,21,0,18,1,0,0,0,0,6,1,0,0,1,5,5,0,0,0,0,0,0,2,6,0,2,0,0,0,0,0,4,2,0,9,1
"63",243,"6","k__Bacteria;p__Actinobacteria;c__Actinobacteria;o__Actinomycetales;unclassified;unclassified;unclassified","20da2903446531a66b722473ee62fe2c",8,22,4,3,3,3,0,0,0,2,3,13,1,5,0,0,2,0,0,0,3,5,1,3,0,0,0,0,1,7,7,6,1,0,0,0,5,2,0,0,0,2,3,2,11,6,1,0,1,2,4,12,16,0,0,1,15,3,13,0,0,0,0,2,2,0,0,0,0,4,3,0,0,0,0,0,2,1,7,4,1,0,0,0,1,0,0,0,0,10,4
"64",866,"6","k__Bacteria;p__Actinobacteria;c__Actinobacteria;o__Actinomycetales;Luna1;Luna1-A;unclassified","b534a8df09b3e6f780699b7fb3c52f4a",18,53,40,10,11,3,0,1,1,4,6,38,17,11,6,1,0,1,0,1,2,10,18,15,2,0,2,2,2,12,19,5,5,0,2,3,20,9,1,1,0,2,4,1,22,30,4,3,6,0,10,62,67,0,1,6,81,4,45,0,0,1,0,6,12,2,0,2,0,5,11,1,0,0,4,1,5,9,28,15,6,0,0,1,0,3,3,3,0,29,19
"65",775,"6","k__Bacteria;p__Actinobacteria;c__Actinobacteria;o__Actinomycetales;unclassified;unclassified;unclassified","212afeab52f4d07d6ce5f0dc67926afd",21,62,32,6,16,1,1,1,3,8,6,33,11,10,10,1,0,1,0,2,5,9,27,15,1,0,1,1,4,12,27,6,2,3,1,4,18,8,1,1,1,1,10,3,18,25,6,3,3,1,9,37,40,2,2,6,63,6,27,0,0,1,0,2,18,1,0,0,2,14,13,1,1,0,2,0,1,4,21,14,5,0,2,0,1,2,3,3,1,21,8
"66",610,"6","k__Bacteria;p__Actinobacteria;c__Actinobacteria;o__Actinomycetales;Luna1;Luna1-A;unclassified","e215713ac1c20e5097fed18dafaf2b6c",14,59,27,7,7,2,0,0,0,3,9,19,8,10,3,0,0,0,0,0,4,18,14,11,2,0,0,0,4,11,8,7,1,0,1,2,14,7,0,0,1,0,2,2,20,16,5,3,1,1,7,46,43,2,0,0,47,5,30,0,0,1,0,3,10,2,0,1,0,6,9,1,0,0,5,0,4,8,7,6,4,0,0,0,1,1,3,6,0,22,7
"67",135,"-1","k__Bacteria;p__Actinobacteria;c__Actinobacteria;o__Actinomycetales;unclassified;unclassified;unclassified","d3878db98ea16c89c953fe91315e9a6a",1,1,5,3,3,0,0,0,0,0,1,2,3,6,0,1,1,0,0,1,2,5,4,2,0,1,0,1,1,4,4,1,0,0,0,1,4,4,0,0,1,0,0,0,6,4,2,0,0,1,2,2,1,0,0,0,10,2,3,0,0,0,0,1,1,0,0,0,0,4,5,0,0,0,1,0,1,1,4,2,1,0,0,0,0,0,1,1,0,7,9
"68",150,"-1","k__Bacteria;p__Actinobacteria;c__Actinobacteria;o__Actinomycetales;Luna1;Luna1-A;unclassified","fa1b5b463787601bc4354b7d6aff990b",6,12,3,1,2,0,1,0,0,0,3,7,1,3,1,0,0,1,0,0,0,1,1,6,0,0,0,2,0,3,4,1,0,0,0,0,4,1,0,0,0,0,1,0,4,9,2,0,1,0,1,8,6,0,0,2,7,0,6,0,0,0,0,2,2,0,0,0,0,0,3,0,0,0,1,0,8,0,5,6,2,0,0,0,0,0,1,2,0,3,4
"69",132,"-1","k__Bacteria;p__Actinobacteria;c__Actinobacteria;o__Actinomycetales;Luna1;unclassified;unclassified","f081bec5bea9f4ca740805bf4e80d64c",1,13,6,2,2,3,0,0,0,0,0,6,1,1,0,0,0,0,1,0,0,2,6,1,0,0,0,0,1,3,4,3,2,0,0,1,3,2,0,0,0,1,1,0,2,6,0,0,0,0,0,5,5,0,1,1,6,2,3,0,0,0,0,1,0,0,0,0,1,3,3,0,0,0,1,0,0,1,5,4,3,0,0,0,0,1,0,1,0,9,2
"70",469,"6","k__Bacteria;p__Actinobacteria;c__Actinobacteria;o__Actinomycetales;Luna1;Luna1-A;unclassified","b0f70f38682f7d35c63978dc3aa7dde1",12,27,20,1,7,1,0,0,1,2,6,22,8,6,3,1,1,0,0,2,2,11,13,9,0,0,1,1,1,9,11,4,0,0,0,1,12,7,0,0,0,2,2,4,21,18,2,2,2,1,1,34,36,2,1,2,30,3,21,0,0,1,1,2,7,2,0,1,0,4,6,0,0,1,0,0,1,2,13,15,2,0,0,0,0,1,0,1,1,15,7
"71",130,"-1","k__Bacteria;p__Actinobacteria;c__Actinobacteria;o__Actinomycetales;f__Microbacteriaceae;unclassified;unclassified","3044eeb78f92d5b68df5943010f5eb97",0,0,0,3,0,0,0,0,0,0,0,1,0,0,25,2,0,0,0,0,0,3,1,1,0,0,0,0,1,2,13,13,0,0,1,9,1,0,0,0,0,0,0,0,0,7,3,0,0,2,0,3,1,0,0,1,0,0,9,0,0,2,0,1,3,1,0,0,2,0,7,0,0,0,0,1,3,0,0,1,1,0,0,0,0,1,1,3,0,1,0
"72",121,"-1","k__Bacteria;p__Actinobacteria;c__Actinobacteria;o__Actinomycetales;f__Microbacteriaceae;g__CandidatusAquiluna;s__rubra","68264225b1551114f494994a5203f61b",1,7,4,2,0,1,2,0,0,0,1,1,1,1,1,1,0,0,0,0,3,0,1,1,1,1,2,0,1,3,1,1,0,2,1,2,2,0,0,0,2,4,0,1,1,3,1,5,5,0,2,7,6,0,0,0,4,0,3,1,1,1,0,1,4,1,1,0,0,1,0,2,0,2,0,0,1,1,1,2,1,0,4,2,0,1,0,1,0,1,2
"73",150,"6","k__Bacteria;p__Actinobacteria;c__Actinobacteria;o__Actinomycetales;unclassified;unclassified;unclassified","a4aa9c5375f9a1e057b5275e506d05b1",3,12,5,4,1,0,0,0,0,1,0,5,2,1,4,0,0,0,0,2,0,1,5,2,1,0,0,0,1,0,5,4,0,2,0,0,2,2,0,1,1,3,2,1,4,1,2,2,1,0,2,13,14,0,0,0,9,0,7,0,0,0,0,0,0,0,0,0,0,1,1,0,0,0,1,0,0,2,4,1,0,1,0,0,0,0,0,0,0,6,5
"74",150,"-1","k__Bacteria;p__Actinobacteria;c__Actinobacteria;o__Actinomycetales;f__Microbacteriaceae;unclassified;unclassified","3e25a6921561018f2cd234a434b64145",3,14,2,3,4,0,0,0,0,0,2,12,1,1,2,0,0,0,0,2,0,2,7,3,0,0,0,1,0,1,5,1,0,1,0,0,5,4,0,0,1,3,0,1,5,10,2,1,0,0,0,5,5,0,0,0,1,0,2,0,1,0,1,1,3,0,0,0,0,0,2,0,0,0,2,0,0,2,9,4,1,0,0,0,0,0,0,2,0,5,5
"75",1864,"6","k__Bacteria;p__Actinobacteria;c__Actinobacteria;o__Actinomycetales;Luna1;Luna1-A;unclassified","8ea0ec27fbb477a03fe99580be642921",50,108,44,11,13,14,1,0,3,2,37,129,14,33,11,1,1,0,2,4,10,25,34,16,1,0,1,1,4,16,37,23,6,3,0,4,48,24,2,0,1,8,12,12,48,33,7,7,7,0,18,187,167,6,4,10,215,8,54,0,2,0,2,3,40,2,0,1,1,12,15,1,2,0,7,1,12,12,29,42,10,0,0,0,0,2,2,7,4,90,28
"76",297,"108","k__Bacteria;p__Actinobacteria;c__Actinobacteria;o__Actinomycetales;unclassified;unclassified;unclassified","82e492088509b51fc572a4814fe8657b",4,4,20,7,0,0,0,0,1,1,1,2,10,11,1,0,5,1,2,2,0,1,11,2,0,1,0,1,1,1,2,5,2,0,0,0,8,4,1,0,1,1,1,3,17,14,1,1,4,1,0,10,15,4,5,14,15,6,17,1,0,1,0,0,6,0,0,13,3,5,3,0,0,0,0,0,1,1,1,4,6,0,0,0,0,0,3,3,0,1,3
"77",854,"6","k__Bacteria;p__Actinobacteria;c__Actinobacteria;o__Actinomycetales;Luna1;Luna1-A;unclassified","fd22a9412d0e53e7d6678355bf67931b",11,61,31,12,5,5,0,0,2,2,9,41,13,11,8,1,0,1,0,2,5,8,16,14,4,1,2,2,1,18,17,5,2,1,3,1,22,10,0,0,0,6,4,4,29,23,5,1,3,0,17,70,51,1,0,8,74,5,35,0,0,0,0,5,23,3,0,1,1,11,12,1,0,0,2,3,2,2,18,19,4,0,0,0,0,1,5,2,3,36,17
"78",116,"-1","k__Bacteria;p__Actinobacteria;c__Actinobacteria;o__Actinomycetales;unclassified;unclassified;unclassified","e0ebd2499aff6f014190b0a05884b0c6",3,0,5,4,0,0,0,0,1,7,1,0,5,2,0,0,1,0,0,3,1,0,2,0,1,0,0,0,1,0,1,1,2,0,0,0,1,0,0,0,0,0,1,0,3,4,0,1,5,0,0,4,8,0,1,7,10,0,5,0,0,0,0,0,2,1,0,8,2,0,3,0,0,0,0,0,1,2,2,1,0,1,0,0,0,1,0,0,0,0,1
"79",4328,"6","k__Bacteria;p__Actinobacteria;c__Actinobacteria;o__Actinomycetales;Luna1;Luna1-A;unclassified","6099bda5112798c9f9f2c86a3a724cf6",93,282,141,59,57,18,1,3,12,15,37,162,55,46,34,6,3,4,5,5,28,51,81,83,5,6,4,14,26,89,84,51,16,6,8,20,107,62,0,1,6,34,31,9,129,138,29,13,23,5,57,277,266,6,9,21,392,25,161,4,2,2,1,17,77,12,0,7,12,57,93,5,1,2,26,6,15,28,102,95,23,3,0,0,2,9,9,32,14,158,103
"80",1416,"-1","k__Bacteria;p__Actinobacteria;c__Actinobacteria;o__Actinomycetales;Luna1;Luna1-A;unclassified","c9f4cc08d9f712ff749049cf16099c20",12,27,22,5,14,17,27,5,1,3,3,26,12,11,11,30,6,1,1,2,3,9,16,11,9,40,53,10,5,5,13,7,5,40,9,9,15,9,2,0,3,9,5,1,15,17,43,77,89,11,16,40,51,7,8,6,66,2,47,3,30,3,3,2,17,12,12,1,0,12,9,14,6,45,10,3,3,8,17,8,2,8,37,60,25,2,7,6,1,23,8
"81",576,"6","k__Bacteria;p__Actinobacteria;c__Actinobacteria;o__Actinomycetales;unclassified;unclassified;unclassified","2eb4a640e27556be8e83bf17c267ec18",13,30,19,11,6,2,0,0,2,2,8,32,9,5,4,1,0,1,0,0,3,5,13,13,1,0,1,1,1,17,8,4,1,2,1,2,11,7,0,0,1,2,3,0,22,28,4,1,4,0,9,28,30,2,2,2,39,3,18,0,0,0,0,5,9,2,0,1,3,11,10,1,1,0,3,1,1,5,22,17,4,0,0,0,0,0,3,5,4,20,14
"82",1046,"6","k__Bacteria;p__Actinobacteria;c__Actinobacteria;o__Actinomycetales;Luna1;Luna1-A;unclassified","94990ca9a3ca7b9b52805d82b789ca68",11,72,45,10,14,1,1,0,6,5,10,32,15,17,4,2,0,0,0,2,11,14,24,13,1,1,0,2,5,15,27,12,4,0,1,5,23,14,1,0,0,4,11,3,32,48,7,7,5,2,8,63,74,0,1,5,94,4,51,0,0,1,0,3,19,5,0,1,4,21,18,2,0,0,1,0,4,4,16,24,11,0,0,0,1,1,2,9,7,33,20
"83",800,"6","k__Bacteria;p__Actinobacteria;c__Actinobacteria;o__Actinomycetales;unclassified;unclassified;unclassified","259817da66b774f97638bb6847f16dfb",19,54,24,11,13,6,1,2,5,2,4,35,16,11,5,1,0,0,1,2,4,13,14,15,1,1,1,1,0,24,16,11,2,4,1,2,17,8,2,0,0,3,4,5,20,23,1,4,2,1,17,50,47,0,2,5,73,6,19,2,0,0,1,1,14,5,1,0,3,11,14,3,0,0,4,2,3,5,19,11,7,1,0,0,1,1,4,3,2,36,15
"84",211,"-1","k__Bacteria;p__Actinobacteria;c__Actinobacteria;o__Actinomycetales;Luna1;Luna1-A;unclassified","9f54cea613ea200b2e86c8fcfa038da9",4,15,11,2,2,0,0,0,1,1,2,9,6,3,1,0,0,0,0,0,5,1,6,5,1,0,0,0,0,3,5,3,3,0,2,1,9,4,0,2,0,1,3,2,4,7,0,0,0,0,4,12,8,1,0,0,13,1,12,0,0,0,0,0,4,0,0,0,0,3,3,0,0,0,1,0,0,3,4,3,2,0,0,0,0,0,1,1,1,6,4
"85",2597,"6","k__Bacteria;p__Actinobacteria;c__Actinobacteria;o__Actinomycetales;unclassified;unclassified;unclassified","8df8be8376696b8bb378ca330f6e5157",59,186,95,30,38,17,0,0,7,8,23,98,33,37,15,4,2,0,0,7,7,40,58,44,1,1,0,8,4,52,64,32,6,2,7,5,70,26,3,3,7,19,16,5,91,84,17,14,12,5,47,163,143,6,7,17,202,12,96,1,3,0,1,14,50,7,0,1,3,31,40,6,1,3,5,4,6,18,84,56,23,1,0,0,0,4,7,21,11,84,57
"86",132,"-1","k__Bacteria;p__Actinobacteria;c__Actinobacteria;o__Actinomycetales;Luna1;Luna1-A;unclassified","cbac281efa510192956873f692d8e5e0",0,1,1,1,1,1,5,1,0,0,0,1,0,0,0,4,5,0,0,0,0,1,2,2,0,5,2,0,0,0,0,0,2,7,2,0,1,0,0,0,0,5,1,0,2,0,3,8,12,1,1,0,1,0,0,1,1,0,2,0,5,1,0,2,1,1,2,0,0,0,1,2,2,8,1,0,1,0,1,2,0,1,3,10,1,0,0,0,1,3,0
"87",200,"-1","k__Bacteria;p__Actinobacteria;c__Actinobacteria;o__Actinomycetales;unclassified;unclassified;unclassified","c43b311a14774b58ae0c784d02a6d80d",3,13,9,4,5,0,0,1,1,1,4,13,4,5,1,1,0,0,0,0,0,2,4,4,0,0,0,2,0,2,3,1,0,0,0,0,7,2,0,0,0,0,4,1,4,7,0,1,2,2,7,8,11,1,0,0,10,3,6,0,0,0,1,0,1,0,0,1,0,4,4,1,0,1,2,0,2,1,2,9,2,0,0,0,0,0,1,0,0,5,4
"88",383,"6","k__Bacteria;p__Actinobacteria;c__Actinobacteria;o__Actinomycetales;Luna1;Luna1-A;unclassified","fb4c254dbe2261dd9b1af8c5f978deb8",8,31,12,1,9,0,0,0,3,1,3,14,3,4,2,2,0,0,0,1,4,2,9,4,0,1,0,0,3,2,10,2,3,0,1,2,10,6,0,0,1,2,2,1,9,10,3,1,2,1,4,30,31,0,0,2,34,2,22,1,0,1,1,1,3,2,0,2,0,5,9,1,1,0,1,1,0,2,6,11,6,1,0,0,0,1,2,2,0,9,4
"89",952,"6","k__Bacteria;p__Actinobacteria;c__Actinobacteria;o__Actinomycetales;Luna1;Luna1-A;unclassified","c011da88e730277ee285f515acb7d7e3",16,73,36,17,13,3,1,0,4,4,13,44,14,18,8,1,0,2,0,4,6,17,22,11,1,2,0,0,1,17,15,5,2,0,1,5,16,9,0,1,0,3,6,6,30,34,1,7,4,1,16,68,60,0,1,2,70,9,36,2,1,0,1,4,17,4,0,0,3,12,19,2,1,0,2,1,7,2,37,23,6,1,0,1,0,1,2,2,2,28,15
"90",585,"6","k__Bacteria;p__Actinobacteria;c__Actinobacteria;o__Actinomycetales;unclassified;unclassified;unclassified","2026be3d4745bb636a6e04bb832ab977",13,38,23,10,6,4,0,0,3,1,5,23,9,14,4,2,0,0,0,1,0,9,12,16,0,0,0,0,1,15,17,4,2,2,0,1,12,9,0,1,4,3,5,8,19,15,4,4,4,1,2,44,33,1,1,2,48,3,27,1,0,1,0,2,5,0,0,0,1,8,11,1,0,0,1,3,3,7,11,8,4,0,0,0,0,2,2,3,2,22,2
"91",825,"6","k__Bacteria;p__Actinobacteria;c__Actinobacteria;o__Actinomycetales;f__Microbacteriaceae;unclassified;unclassified","5bbd28b0efd14432707c0a07aa9a4ac4",68,38,14,6,6,3,0,2,4,2,39,48,2,10,1,1,2,2,1,4,5,5,32,8,1,0,1,0,0,3,13,3,2,0,0,3,33,9,1,0,0,6,2,6,15,9,0,3,1,0,10,61,38,2,4,5,49,1,1,1,1,0,0,0,13,2,0,1,0,5,3,0,0,0,2,3,6,1,37,5,1,0,0,0,0,0,2,6,0,136,15
"92",1218,"6","k__Bacteria;p__Actinobacteria;c__Actinobacteria;o__Actinomycetales;unclassified;unclassified;unclassified","70c3afc5c14442b55016d1d26cc1d525",22,100,42,23,17,5,0,0,2,9,22,47,13,19,12,0,1,0,0,1,6,13,34,13,3,0,0,4,5,23,18,18,1,2,2,3,35,17,2,2,1,9,7,4,37,46,6,3,8,2,11,100,68,1,1,2,79,9,46,2,1,0,0,3,32,2,0,3,0,23,22,2,2,0,3,1,8,11,24,33,9,0,0,0,0,1,2,3,2,28,25
"93",310,"6","k__Bacteria;p__Actinobacteria;c__Actinobacteria;o__Actinomycetales;Luna1;Luna1-A;unclassified","efff5f94fa104b32e10596e770567157",12,21,12,1,2,3,0,0,1,1,1,13,5,2,1,1,0,0,0,1,0,7,10,3,0,0,0,0,0,8,4,5,2,0,0,1,7,3,0,0,0,2,2,0,17,9,1,1,1,1,8,16,18,2,0,1,22,4,6,2,0,0,0,5,6,0,0,0,0,3,4,0,0,0,1,1,1,2,7,12,2,0,0,0,0,1,1,0,4,13,7
"94",117,"-1","k__Bacteria;p__Actinobacteria;c__Actinobacteria;o__Actinomycetales;unclassified;unclassified;unclassified","6bb03155c292f9d4c305ac3b366ade3e",1,7,7,4,2,1,0,0,0,0,2,4,2,1,5,1,0,0,0,1,0,2,3,1,0,0,0,0,1,3,1,1,0,0,0,0,2,4,0,0,2,1,0,0,3,4,0,0,0,0,2,4,6,0,0,0,4,2,7,0,0,0,1,2,8,0,0,0,0,0,1,0,0,0,1,0,3,0,2,0,0,0,0,0,0,0,0,1,1,6,0
"95",320,"-1","k__Bacteria;p__Actinobacteria;c__Actinobacteria;o__Actinomycetales;f__Microbacteriaceae;unclassified;unclassified","284d59c2b8f4719e7405f7fdbf6a44e9",19,49,1,23,32,6,0,0,0,0,2,8,6,7,1,1,0,0,1,2,2,3,2,9,1,3,1,0,2,5,3,4,7,0,1,2,1,2,0,2,1,2,2,0,3,2,10,6,4,2,3,1,5,1,0,2,1,1,5,0,1,0,2,0,3,2,1,5,0,2,1,3,0,0,3,1,0,6,0,3,2,1,0,0,0,0,0,1,1,20,3
"96",102,"-1","k__Bacteria;p__Actinobacteria;c__Actinobacteria;o__Actinomycetales;unclassified;unclassified;unclassified","7fa37a64fa64945e201b3d7b363892d1",1,8,3,2,1,1,0,0,0,0,1,5,4,1,2,0,0,0,0,0,1,3,2,2,0,0,0,0,1,3,0,3,0,0,0,0,5,0,0,0,0,0,1,1,2,3,1,0,2,1,1,5,10,0,0,0,8,2,1,0,0,0,0,0,0,0,0,0,0,1,0,2,0,0,0,0,1,0,4,1,1,0,0,0,0,0,0,2,0,3,0
"97",393,"6","k__Bacteria;p__Actinobacteria;c__Actinobacteria;o__Actinomycetales;Luna1;Luna1-A;unclassified","f67f3cdf10e060fb25062abbc807d5df",4,21,27,4,3,2,0,0,1,3,3,5,6,7,1,0,0,1,0,2,3,7,6,4,0,1,1,1,1,5,12,3,2,0,0,3,10,6,0,1,0,1,2,0,6,6,4,2,1,0,11,31,33,0,1,4,50,0,14,0,0,0,0,1,15,0,0,0,0,4,7,0,0,0,0,0,3,3,3,13,1,0,0,0,0,0,2,3,0,12,4
"98",437,"6","k__Bacteria;p__Actinobacteria;c__Actinobacteria;o__Actinomycetales;f__Microbacteriaceae;unclassified;unclassified","ea3f32b9babf9cbe8d27be255467bc20",7,44,7,0,3,4,0,0,0,0,3,44,1,3,0,0,0,0,0,1,4,9,6,0,1,0,0,0,1,4,5,6,0,0,0,0,21,4,0,0,0,2,1,2,21,1,0,0,0,0,2,58,45,2,1,2,76,3,0,3,0,0,0,0,3,0,0,0,0,0,0,3,0,0,1,0,0,0,6,4,3,0,0,0,0,0,0,1,0,13,6
"99",175,"-1","k__Bacteria;p__Actinobacteria;c__Actinobacteria;o__Actinomycetales;unclassified;unclassified;unclassified","ec31cf1cfcfc72723aea7f2a14fcf9c7",3,14,8,2,1,3,0,0,1,0,0,4,4,4,0,0,1,0,0,2,2,2,1,4,0,0,0,1,0,3,6,2,1,1,0,0,5,3,0,0,0,1,0,1,5,6,1,1,0,1,2,14,8,0,0,1,8,1,9,0,0,0,0,0,3,0,0,0,0,2,7,0,0,0,0,0,1,2,7,5,1,1,0,0,0,1,0,0,0,5,3
"100",2969,"6","k__Bacteria;p__Actinobacteria;c__Actinobacteria;o__Actinomycetales;Luna1;Luna1-A;unclassified","9fc1f09f954e74caf550408b8d32d161",99,488,74,29,20,9,0,1,5,0,31,257,25,28,14,3,1,0,2,2,9,21,78,16,1,0,0,1,3,35,25,36,0,0,1,6,47,21,2,0,0,15,8,15,69,41,6,4,2,3,15,456,146,1,3,20,277,16,27,1,1,0,1,3,30,5,0,0,2,16,19,4,0,0,3,8,12,4,163,13,1,3,0,1,0,0,0,12,2,115,36
"101",163,"6","k__Bacteria;p__Actinobacteria;c__Actinobacteria;o__Actinomycetales;Luna1;Luna1-A;unclassified","597659709f5a0bbef3d0ba210b2439b5",0,8,5,5,0,1,1,0,0,1,0,4,1,0,0,0,0,0,1,2,0,2,3,2,0,0,0,0,1,2,3,1,2,1,0,3,5,2,0,0,1,0,0,0,1,3,1,1,0,0,7,25,14,0,2,3,10,1,9,0,0,0,0,1,8,1,0,0,0,3,2,0,0,1,0,0,0,2,0,4,1,0,0,0,0,1,0,0,0,2,3
"102",5880,"6","k__Bacteria;p__Actinobacteria;c__Actinobacteria;o__Actinomycetales;Luna1;Luna1-A;unclassified","27a36759b9f5acf3f4c8ce86ec397481",128,422,225,81,86,18,1,2,25,23,65,223,66,90,51,7,4,4,4,10,36,74,125,75,8,5,8,12,18,111,135,75,19,4,3,19,158,71,7,2,5,27,41,25,173,196,28,12,29,11,72,396,361,7,5,27,523,48,219,7,3,1,4,24,121,21,0,4,10,62,93,9,7,4,18,4,25,38,149,137,24,4,2,0,0,5,22,38,13,212,114
"103",282,"-1","k__Bacteria;p__Actinobacteria;c__Actinobacteria;o__Actinomycetales;Luna1;Luna1-A;unclassified","143f4d12970818ccfc66faac68e86f40",7,26,6,3,5,2,0,3,0,2,2,9,5,9,2,0,0,0,0,1,0,0,6,2,0,0,0,0,0,5,3,3,1,0,0,1,6,2,1,0,0,1,2,3,6,18,2,1,2,0,5,13,15,0,0,4,25,2,13,0,3,0,1,1,7,1,0,1,1,5,1,0,0,0,0,2,2,1,9,8,5,0,0,0,0,0,0,0,0,6,4
"104",4971,"6","k__Bacteria;p__Actinobacteria;c__Actinobacteria;o__Actinomycetales;unclassified;unclassified;unclassified","725fae86899b1ee0d4675c795633b617",103,357,185,57,94,15,1,6,15,9,59,210,68,85,35,4,3,0,1,17,16,66,118,71,6,8,6,8,14,84,96,72,17,8,5,20,113,62,10,2,14,23,20,22,142,175,44,19,24,9,63,325,292,2,12,24,383,33,201,5,1,2,5,20,92,11,0,5,15,41,70,9,1,2,20,15,22,40,126,103,29,3,1,2,5,16,35,36,7,190,89
"105",346,"178","k__Bacteria;p__Actinobacteria;c__Actinobacteria;o__Actinomycetales;Luna1;unclassified;unclassified","ebd50d8cc2694c32842010e59010c741",1,4,20,2,9,1,0,2,1,0,1,8,4,8,2,0,0,1,1,5,8,6,11,9,1,0,0,1,2,5,9,2,1,1,0,1,20,5,0,1,0,1,2,1,17,13,2,4,0,1,5,6,8,1,1,0,26,0,6,0,0,0,0,2,8,0,0,0,0,3,9,1,0,0,1,0,5,2,16,4,5,0,0,0,0,1,3,5,3,19,12
"106",183,"6","k__Bacteria;p__Actinobacteria;c__Actinobacteria;o__Actinomycetales;Luna1;Luna1-A;unclassified","4e83da33fb83de303e7f3b7681195216",5,14,6,2,2,0,0,0,0,2,2,9,2,1,1,0,0,0,0,0,0,1,3,2,0,0,0,1,1,5,5,0,1,0,0,2,7,2,1,0,0,2,0,1,4,6,0,1,2,1,3,8,10,0,1,1,12,0,9,0,0,0,0,2,5,0,0,1,0,2,0,0,0,1,1,0,0,0,8,1,1,0,0,0,0,0,3,1,1,12,6
"107",230,"-1","k__Bacteria;p__Actinobacteria;c__Actinobacteria;o__Actinomycetales;unclassified;unclassified;unclassified","ed74dff633fcbf37495dc78cd88098ae",4,11,13,2,2,0,0,0,1,0,3,6,5,5,1,1,0,0,0,1,2,2,7,4,0,1,0,0,1,3,6,2,1,0,0,3,9,2,0,0,0,4,2,4,9,6,1,1,2,2,2,7,16,1,0,4,14,2,13,0,0,0,0,1,3,0,0,0,1,4,5,1,0,0,2,1,1,2,5,3,1,0,0,0,0,0,1,2,1,5,3
"108",912,"6","k__Bacteria;p__Actinobacteria;c__Actinobacteria;o__Actinomycetales;unclassified;unclassified;unclassified","8b554a9b23212f8b058125f3b59a9a2e",30,71,33,9,9,1,0,1,2,3,11,38,16,16,11,3,0,1,1,6,4,15,23,16,0,0,2,3,4,9,23,10,3,3,0,5,27,6,1,2,2,2,2,3,16,35,8,8,7,4,9,59,62,0,0,5,67,3,30,3,0,1,0,5,19,5,0,0,3,5,19,1,0,1,2,1,4,5,23,12,8,0,0,1,1,1,3,4,2,34,9
"109",174,"-1","k__Bacteria;p__Actinobacteria;c__Actinobacteria;o__Actinomycetales;unclassified;unclassified;unclassified","e464cfe6d40cc383584f4621c63683d2",3,10,1,2,2,1,0,0,1,1,2,8,5,1,1,1,0,0,0,0,1,5,4,3,0,0,0,1,0,2,6,1,0,1,0,1,1,2,0,0,2,1,2,2,5,3,1,1,0,0,6,11,23,0,0,1,9,1,9,0,0,0,0,1,2,0,0,0,0,3,1,1,0,0,0,0,1,0,5,4,0,0,0,0,0,0,0,1,1,5,5
"110",538811,"6","k__Bacteria;p__Actinobacteria;c__Actinobacteria;o__Actinomycetales;Luna1;Luna1-A;unclassified","dcfe33d392acb0de8744ce413c4563f2",11061,36719,21297,7515,7657,2558,172,412,1642,1893,5624,21301,7937,8847,4439,754,279,234,316,1542,3050,7545,13203,8289,619,411,715,1147,1790,10123,12012,5891,2055,842,816,1698,13955,7043,606,336,1017,3176,3522,2729,15805,17133,3501,1916,2409,977,6342,34830,33353,752,725,3008,40325,3257,21524,537,255,139,233,2152,10660,1493,85,573,1022,6151,8308,939,122,462,2011,730,2774,3758,13014,11584,3333,267,61,91,186,836,1894,3554,1391,19679,9871
"111",146,"-1","k__Bacteria;p__Actinobacteria;c__Actinobacteria;o__Actinomycetales;f__Microbacteriaceae;unclassified;unclassified","3ba316731325ed9847248c172ce426db",6,12,4,6,0,0,0,0,1,1,3,8,0,1,1,0,0,0,0,0,3,5,4,3,0,0,0,1,0,6,4,1,0,0,0,3,5,2,1,0,0,0,1,0,0,6,0,0,0,0,0,6,7,0,0,0,14,1,2,0,0,0,0,0,2,1,0,0,0,1,5,2,0,0,0,1,1,1,3,1,0,0,0,0,0,0,1,1,2,4,2
"112",350,"84","k__Bacteria;p__Actinobacteria;c__Actinobacteria;o__Actinomycetales;Luna1;Luna1-A;Luna1-A1","62b5850f2b152b4d0a8ffaa519a4df85",0,0,0,0,3,2,14,4,0,0,0,0,0,0,0,9,1,0,0,0,0,0,0,0,4,21,16,2,0,0,0,0,6,22,6,1,0,0,0,1,1,1,0,0,0,0,19,25,49,14,3,0,0,4,4,0,0,0,0,2,10,1,0,0,0,0,4,0,0,0,0,4,7,21,5,1,0,0,0,0,0,4,22,26,11,0,0,0,0,0,0
"113",274,"6","k__Bacteria;p__Actinobacteria;c__Actinobacteria;o__Actinomycetales;Luna1;Luna1-A;unclassified","4d87b074ff5351d605d3e1897fafd68e",9,16,17,5,1,1,1,0,0,2,5,13,8,6,1,0,0,0,0,0,2,4,6,5,0,0,1,0,1,4,3,2,0,1,0,0,12,6,1,0,0,1,0,1,4,10,1,0,2,1,2,15,19,0,0,2,27,0,10,0,0,0,0,1,6,0,0,1,0,2,1,2,0,0,0,0,1,1,7,4,1,0,0,0,0,0,2,0,0,13,4
"114",251,"6","k__Bacteria;p__Actinobacteria;c__Actinobacteria;o__Actinomycetales;Luna1;unclassified;unclassified","c496106abaa2558143321bf88dbf8b1f",13,15,6,2,3,2,0,0,0,1,2,7,3,4,4,1,0,0,0,1,2,2,4,5,1,1,2,0,0,9,5,1,1,0,0,0,7,4,0,1,0,3,1,0,6,6,2,0,1,0,3,15,22,1,1,1,17,1,10,0,0,0,1,0,11,0,0,0,0,2,3,1,0,0,1,0,2,0,2,7,3,1,0,0,0,0,0,3,0,8,7
"115",335,"-1","k__Bacteria;p__Actinobacteria;c__Actinobacteria;o__Actinomycetales;unclassified;unclassified;unclassified","bef874d94e45a70ba96f79c4fd469d8b",7,10,14,6,4,0,1,1,4,4,1,6,6,11,2,0,0,0,0,0,3,1,7,3,0,0,0,0,1,8,5,9,0,0,1,1,6,7,0,1,2,4,3,3,25,14,2,1,4,2,1,6,13,3,5,14,24,2,18,0,1,1,0,1,2,1,0,6,3,3,6,0,0,0,2,0,0,2,6,7,6,1,0,0,1,0,2,2,1,3,2
"116",203,"6","k__Bacteria;p__Actinobacteria;c__Actinobacteria;o__Actinomycetales;unclassified;unclassified;unclassified","23d4f4585d378e3e622ad42e289e7608",4,13,10,1,4,0,0,0,1,1,1,10,3,2,0,0,0,0,0,0,3,5,7,5,0,0,0,0,1,6,2,0,0,0,1,0,6,2,0,0,0,1,1,2,8,2,2,0,0,1,2,13,10,0,1,1,17,0,10,0,0,0,1,3,2,2,0,0,1,0,2,0,1,1,1,0,2,0,8,9,0,0,0,0,0,2,1,0,1,4,3
"117",278,"6","k__Bacteria;p__Actinobacteria;c__Actinobacteria;o__Actinomycetales;unclassified;unclassified;unclassified","56a079e80e8aabe2946f371d4bb9229b",6,17,6,4,3,0,1,1,2,1,1,10,6,4,3,0,0,0,0,2,0,2,7,5,0,1,0,2,0,6,4,7,2,2,0,2,7,4,0,0,1,2,4,0,4,11,1,0,1,1,2,18,15,0,0,2,36,3,11,0,0,0,1,2,3,1,0,1,0,2,7,0,0,1,1,0,2,2,5,4,2,0,0,0,0,0,1,1,0,7,5
"118",251,"6","k__Bacteria;p__Actinobacteria;c__Actinobacteria;o__Actinomycetales;unclassified;unclassified;unclassified","38872652cb952ab624ad0470e325a42f",3,20,11,4,2,0,0,0,1,1,3,13,2,2,1,1,0,0,1,0,2,2,8,3,0,0,0,0,3,8,5,3,3,0,0,1,6,1,0,1,1,2,3,3,7,7,1,2,0,0,3,12,18,0,0,1,17,1,11,0,0,0,0,2,8,1,0,0,1,1,8,0,0,1,0,0,1,3,7,6,1,0,0,0,0,0,0,4,1,6,0
"119",1372,"6","k__Bacteria;p__Actinobacteria;c__Actinobacteria;o__Actinomycetales;Luna1;Luna1-A;unclassified","af3f48dc87d00ecabad103a0a7474f46",26,85,45,15,13,8,0,1,9,4,17,50,16,25,12,3,1,4,0,1,8,18,33,23,3,3,0,3,3,29,29,25,9,3,1,2,29,14,0,0,2,8,5,6,65,50,8,6,6,2,17,73,68,2,1,5,122,9,64,1,1,0,1,6,19,4,0,0,1,8,27,5,0,3,6,2,8,7,45,26,8,1,0,1,2,2,3,12,9,52,23
"120",210,"6","k__Bacteria;p__Actinobacteria;c__Actinobacteria;o__Actinomycetales;f__Microbacteriaceae;unclassified;unclassified","3e9d2c4582f56deb389833d59e98b730",4,9,9,3,3,2,0,0,0,1,5,10,3,3,1,1,0,0,1,0,1,2,5,6,1,1,0,1,0,3,4,0,0,0,0,0,6,4,1,0,1,2,2,1,7,5,2,0,0,1,0,14,17,0,0,1,17,2,9,0,0,0,0,0,0,1,0,0,0,3,2,1,0,0,0,0,1,5,4,6,0,0,0,1,0,1,0,1,0,10,3
"121",589,"6","k__Bacteria;p__Actinobacteria;c__Actinobacteria;o__Actinomycetales;Luna1;Luna1-A;unclassified","9e7de9a37f8bffddbe2a9f8bc09f7d9c",8,33,22,9,4,3,0,0,4,5,7,12,5,7,5,3,0,0,0,2,2,9,17,10,1,0,0,1,1,10,16,5,4,1,2,2,15,11,1,1,1,2,3,3,23,13,7,2,3,0,9,52,45,1,0,13,42,4,24,2,0,0,0,2,9,3,1,1,2,1,9,2,0,1,2,0,2,2,1,17,5,0,0,0,0,2,2,2,2,19,15
"122",275,"6","k__Bacteria;p__Actinobacteria;c__Actinobacteria;o__Actinomycetales;Luna1;Luna1-A;unclassified","dedee29edef9a518a675dd2f7424e31c",2,19,6,5,9,0,0,0,0,1,1,9,2,4,3,0,0,1,0,0,1,0,7,4,0,1,0,2,0,7,6,3,1,0,0,1,4,3,0,0,1,2,4,1,14,7,1,0,1,0,5,21,29,0,1,1,21,4,11,1,0,0,0,2,4,2,0,0,0,2,2,3,0,0,0,1,2,2,7,2,1,0,0,0,0,0,2,3,0,12,1
"123",106,"-1","k__Bacteria;p__Actinobacteria;c__Actinobacteria;o__Actinomycetales;f__Microbacteriaceae;unclassified;unclassified","c2bbaedea5071472fc9c29f53502495f",0,0,4,19,0,0,0,0,0,2,2,1,10,12,0,0,0,0,0,1,0,1,7,0,0,0,0,0,0,1,1,2,0,0,0,0,0,0,0,0,0,0,6,0,1,1,0,0,0,0,0,2,1,0,0,1,4,1,1,0,0,0,0,0,1,0,0,0,2,0,1,0,0,0,6,3,4,1,0,0,0,0,0,0,0,0,0,2,4,1,0
"124",110,"-1","k__Bacteria;p__Actinobacteria;c__Actinobacteria;o__Actinomycetales;unclassified;unclassified;unclassified","601d0a5f0104b6e773d884b8229dd017",2,6,7,3,3,0,0,0,0,1,2,0,2,2,1,0,0,0,0,1,1,0,2,1,0,0,0,0,1,1,3,2,0,0,1,0,5,1,0,0,0,0,0,0,4,1,0,1,0,0,0,7,10,0,1,1,9,0,5,0,0,0,0,0,1,0,0,1,0,2,4,0,0,0,1,0,0,0,1,2,1,0,0,0,0,1,2,1,0,4,2
"125",124,"-1","k__Bacteria;p__Actinobacteria;c__Actinobacteria;o__Actinomycetales;Luna1;Luna1-A;unclassified","f1b9ea9f0652787728e9ba5fcbb38e4a",2,7,4,2,2,0,0,0,1,0,1,7,2,1,0,0,0,0,0,0,1,2,4,1,0,0,0,0,1,2,0,1,0,0,0,0,1,1,0,0,0,2,1,0,4,2,1,0,1,0,3,11,10,0,1,0,6,1,10,0,0,0,0,3,3,1,0,0,1,1,2,0,0,1,0,0,2,2,1,3,0,0,0,0,0,0,0,1,1,5,1
"126",649,"178","k__Bacteria;p__Actinobacteria;c__Actinobacteria;o__Actinomycetales;unclassified;unclassified;unclassified","57bb0d17a00093fc8dc144cf96b848da",2,0,25,6,13,1,1,1,2,0,3,19,8,6,10,3,0,2,1,5,7,12,22,13,0,0,3,1,1,11,21,2,5,2,1,1,50,22,0,1,1,4,5,5,22,29,10,4,2,3,6,6,5,0,1,0,42,1,16,0,0,0,3,2,11,1,0,0,0,6,14,2,0,0,1,3,8,7,38,24,8,0,0,0,0,1,2,6,2,39,26
"127",310,"6","k__Bacteria;p__Actinobacteria;c__Actinobacteria;o__Actinomycetales;Luna1;Luna1-A;unclassified","e862986305b1ee1dd954263e78ab27ac",4,36,17,4,1,1,0,0,1,0,3,11,0,3,2,2,0,0,1,3,0,3,7,6,0,0,1,0,1,6,9,3,2,1,0,1,9,3,0,0,0,2,2,2,9,6,1,1,0,2,0,20,32,0,0,1,26,1,18,0,0,0,0,0,10,2,0,1,0,3,3,1,0,1,0,0,0,3,2,11,1,0,0,0,0,0,1,1,0,4,2
"128",247,"-1","k__Bacteria;p__Actinobacteria;c__Actinobacteria;o__Actinomycetales;unclassified;unclassified;unclassified","a7374a6351c9bff7e35f1a1cdd1363bf",6,23,4,1,3,3,0,0,3,3,4,6,4,3,5,0,0,0,0,1,2,2,5,8,0,0,2,0,1,3,3,2,0,0,1,1,14,3,0,0,0,1,0,1,9,7,1,1,0,0,3,15,17,1,1,0,15,2,6,0,0,0,0,1,5,2,0,0,0,1,8,0,0,1,1,0,0,2,8,3,1,0,0,0,0,0,2,2,1,7,6
"129",258,"-1","k__Bacteria;p__Actinobacteria;c__Actinobacteria;o__Actinomycetales;Luna1;Luna1-A;unclassified","2a294e3688d43693d8bc55a169531bf0",4,16,9,3,4,2,0,0,0,3,11,5,1,1,1,1,0,0,0,0,0,1,10,3,0,0,1,0,1,6,7,5,0,2,1,0,6,8,0,0,0,1,6,3,8,8,3,0,0,0,7,17,20,0,0,0,14,1,16,1,0,0,0,2,2,1,0,0,0,5,5,0,0,0,1,1,1,3,5,0,2,0,0,0,0,0,0,3,0,6,4
"130",276,"6","k__Bacteria;p__Actinobacteria;c__Actinobacteria;o__Actinomycetales;Luna1;Luna1-A;unclassified","0a98bec49621b28be194e41dbcc50c1b",1,22,4,2,2,0,0,0,2,2,4,13,4,3,2,0,0,0,0,1,4,5,6,9,1,0,0,0,2,6,5,1,3,0,0,1,2,1,0,0,0,1,1,0,8,4,1,1,0,0,10,22,21,1,0,2,34,6,8,0,0,0,0,2,10,0,0,0,0,5,0,0,0,1,3,0,4,1,6,3,0,0,0,0,0,0,0,2,0,7,4
"131",474,"6","k__Bacteria;p__Actinobacteria;c__Actinobacteria;o__Actinomycetales;Luna1;Luna1-A;unclassified","91998948f6d85d8a19dc4961226d2b86",12,20,20,15,5,2,0,0,2,1,8,18,8,5,3,3,0,0,0,3,4,9,8,9,0,0,0,0,2,4,13,6,1,0,2,1,13,9,1,0,1,4,3,3,12,9,3,2,3,0,4,34,30,2,2,1,28,1,26,0,0,0,1,3,9,2,0,1,1,5,5,1,1,1,5,2,4,4,4,20,2,2,0,0,0,1,1,4,0,15,5
"132",267,"6","k__Bacteria;p__Actinobacteria;c__Actinobacteria;o__Actinomycetales;unclassified;unclassified;unclassified","5c2c36827f1e507fce3a960834edade1",6,10,8,10,5,1,1,0,1,2,4,9,3,6,5,0,0,0,0,1,1,3,6,4,1,1,0,0,0,3,3,4,2,0,1,2,12,5,0,0,1,0,1,1,6,7,3,3,0,0,4,12,21,0,1,1,17,1,18,1,0,0,0,0,2,1,0,1,1,5,2,0,0,0,1,1,2,3,2,11,0,0,0,1,0,0,1,4,1,6,4
"133",105,"-1","k__Bacteria;p__Actinobacteria;c__Actinobacteria;o__Actinomycetales;unclassified;unclassified;unclassified","f45dafd9da890af9eb2ad031bae50de1",0,1,4,1,0,0,0,0,0,0,3,2,0,1,0,0,0,0,0,0,1,0,5,4,0,0,0,1,0,3,2,1,0,0,1,0,9,3,0,0,1,0,0,1,2,1,2,3,1,1,2,2,4,0,1,0,10,1,2,1,0,0,0,1,2,1,1,0,0,2,3,0,0,0,1,0,0,1,4,5,0,0,0,0,0,0,1,1,0,2,3
"134",143,"-1","k__Bacteria;p__Actinobacteria;c__Actinobacteria;o__Actinomycetales;Luna1;Luna1-A;unclassified","e308dd4f1e84be136df44308c9d5f4f7",5,4,6,2,2,0,2,0,0,0,5,5,2,2,4,0,0,1,0,0,0,2,1,4,0,0,1,0,0,3,4,1,0,0,0,0,3,0,0,0,0,0,2,0,3,4,1,0,0,0,1,5,11,0,0,5,15,1,5,1,0,0,0,0,3,1,0,0,0,2,2,2,0,0,1,1,1,4,2,3,2,0,0,0,0,0,0,1,0,1,4
"135",707,"6","k__Bacteria;p__Actinobacteria;c__Actinobacteria;o__Actinomycetales;Luna1;Luna1-A;unclassified","a1323df176a3524e30a38374e7e63cdf",18,47,24,8,6,5,0,0,4,1,8,19,16,13,6,3,1,0,0,0,7,12,20,4,3,0,2,1,2,19,15,7,2,0,1,0,15,9,0,2,3,2,4,4,17,25,5,1,1,0,8,44,51,2,1,3,65,4,20,4,0,1,0,4,11,1,0,1,2,4,14,2,0,1,2,1,4,3,17,15,6,0,0,0,1,1,3,2,0,31,16
"136",831,"6","k__Bacteria;p__Actinobacteria;c__Actinobacteria;o__Actinomycetales;unclassified;unclassified;unclassified","3ce3762e5a7655ca3fa524d1c8b2227a",15,52,38,10,9,2,0,0,1,2,5,31,11,10,6,0,1,1,2,1,6,12,18,10,2,0,1,0,1,16,23,17,4,2,1,5,15,10,0,0,4,7,10,3,26,20,5,4,7,0,8,61,68,0,0,13,66,1,29,1,0,1,0,3,10,1,0,0,2,10,12,2,0,1,1,0,5,4,20,14,2,0,0,1,1,2,6,3,2,29,26
"137",762,"6","k__Bacteria;p__Actinobacteria;c__Actinobacteria;o__Actinomycetales;unclassified;unclassified;unclassified","f5c065e6da944a025a663256049d7eb0",13,54,21,12,7,5,0,0,2,2,8,38,16,8,6,2,0,1,0,1,9,14,13,14,0,0,0,1,2,18,16,9,1,1,2,2,13,15,0,0,1,8,4,3,19,26,3,5,4,0,5,47,55,1,0,4,59,5,29,0,1,1,1,5,15,1,0,0,1,7,11,3,1,1,2,0,9,6,21,18,4,1,0,0,0,0,3,4,5,25,12
"138",189,"-1","k__Bacteria;p__Actinobacteria;c__Actinobacteria;o__Actinomycetales;Luna1;Luna1-A;unclassified","019e31cdb6aae0d655496e5c5326fb9d",3,9,8,1,1,0,0,0,0,0,2,5,4,5,2,0,0,0,0,1,1,4,5,6,0,0,0,0,0,2,3,2,1,0,0,1,6,2,0,1,1,1,1,0,5,4,0,2,1,0,0,15,10,0,3,1,28,0,5,0,0,0,0,0,2,1,0,1,1,5,2,1,0,0,0,0,0,1,4,0,1,0,0,0,0,0,1,0,0,14,3
"139",323,"-1","k__Bacteria;p__Actinobacteria;c__Actinobacteria;o__Actinomycetales;unclassified;unclassified;unclassified","d314cee602cd6fbda3422d04a6c58147",1,2,7,2,17,0,0,0,0,0,3,15,5,6,5,0,2,0,1,1,2,8,15,11,1,0,0,0,0,8,8,2,2,1,0,0,19,5,0,1,0,1,2,2,15,9,0,2,1,0,6,5,3,0,0,0,20,1,8,0,0,0,0,2,5,0,0,0,0,4,5,1,0,0,1,1,5,3,16,13,4,0,0,0,0,0,3,5,1,17,12
"140",101,"6","k__Bacteria;p__Actinobacteria;c__Actinobacteria;o__Actinomycetales;f__Microbacteriaceae;unclassified;unclassified","5ff1caed3e149d0b95b38c87adb3caa2",4,7,4,2,1,0,0,0,1,0,1,5,2,0,1,0,0,1,0,0,0,2,1,1,0,0,0,0,0,4,5,0,0,0,0,0,2,0,0,0,1,1,0,0,4,5,0,2,1,1,1,11,8,0,0,1,8,0,2,0,0,0,0,0,2,0,0,0,0,0,1,0,0,0,1,0,0,0,2,1,0,0,0,0,0,0,0,0,0,2,2
"141",424,"6","k__Bacteria;p__Actinobacteria;c__Actinobacteria;o__Actinomycetales;Luna1;unclassified;unclassified","1d446b12ac8c08ebefcd584cc03f9462",7,31,14,2,4,2,1,1,1,1,5,15,4,8,0,2,0,0,0,2,3,8,12,8,1,0,0,1,3,4,10,4,2,0,1,0,7,4,0,0,1,2,4,1,9,22,2,1,0,0,6,39,33,0,0,1,38,3,22,0,0,0,0,2,9,2,0,0,0,3,4,2,0,1,2,0,6,1,6,11,1,0,0,0,0,1,1,2,1,12,5
"142",609,"6","k__Bacteria;p__Actinobacteria;c__Actinobacteria;o__Actinomycetales;Luna1;Luna1-A;unclassified","db524952aa2906d3835e19f157288f7f",8,49,25,11,12,4,0,1,4,3,6,14,9,6,7,0,0,0,0,1,5,13,5,7,1,1,0,1,1,11,20,5,3,1,0,1,9,10,0,2,3,0,2,3,14,21,4,5,4,0,4,41,40,0,0,1,59,7,27,0,0,0,1,2,11,2,0,0,0,12,13,1,0,2,2,1,2,4,7,18,3,0,1,0,0,1,2,4,0,19,10
"143",567,"108","k__Bacteria;p__Actinobacteria;c__Actinobacteria;o__Actinomycetales;Luna1;Luna1-A;Luna1-A2","475788f7fc271cf54112343c0b7d706e",13,12,33,8,2,0,0,0,6,8,6,11,16,17,1,2,1,1,0,4,4,0,12,12,0,1,0,1,2,2,1,1,5,1,2,4,4,4,0,0,1,5,3,10,31,22,1,4,7,3,0,19,30,8,10,33,24,11,34,2,0,0,1,3,5,1,0,43,8,6,5,0,0,1,3,1,4,3,2,9,7,0,0,1,1,0,1,0,0,3,4
"144",483,"-1","k__Bacteria;p__Actinobacteria;c__Actinobacteria;o__Actinomycetales;Luna1;Luna1-A;unclassified","11a1ea1a40df3c0bade2f986be46bce7",9,6,18,0,5,6,4,0,1,2,1,12,6,3,4,6,3,0,0,0,1,4,14,6,2,10,12,1,3,6,8,4,2,10,3,1,17,8,0,3,2,6,1,1,12,12,18,20,17,8,9,25,24,1,2,1,11,0,15,3,5,2,0,0,8,0,1,0,0,0,6,4,2,10,1,1,1,1,7,3,1,1,8,12,3,0,0,1,1,5,10
"145",239,"6","k__Bacteria;p__Actinobacteria;c__Actinobacteria;o__Actinomycetales;f__Microbacteriaceae;unclassified;unclassified","60d35c8f957be0f931d244af554c2395",5,14,9,2,3,2,0,0,2,0,3,6,0,2,2,0,0,0,0,2,0,2,7,4,0,0,0,0,0,5,6,2,0,0,0,1,8,0,0,0,1,5,0,2,12,10,2,0,0,1,3,16,19,0,1,1,16,0,11,0,0,0,1,5,7,0,0,1,0,2,1,0,0,0,1,0,1,0,6,5,0,0,0,0,0,1,1,3,2,10,5
"146",200,"6","k__Bacteria;p__Actinobacteria;c__Actinobacteria;o__Actinomycetales;Luna1;Luna1-A;unclassified","d4e298d81a4845e0e21a332b8c9cb136",2,16,10,3,3,1,0,0,1,0,0,8,2,4,2,0,0,0,1,0,2,2,4,5,0,0,0,0,0,5,2,2,1,0,0,0,7,1,0,0,1,0,0,1,3,3,1,1,0,0,5,17,14,0,0,0,11,0,17,0,0,0,1,1,5,0,0,0,1,1,3,2,0,0,0,0,1,0,2,5,0,1,0,0,0,0,1,2,2,9,5
"147",136,"6","k__Bacteria;p__Actinobacteria;c__Actinobacteria;o__Actinomycetales;Luna1;Luna1-A;unclassified","c566199b6a7f437967dab98222a9175c",3,11,7,1,3,1,0,0,0,0,1,4,2,3,1,0,0,0,0,0,1,1,2,1,0,0,0,0,0,2,0,0,2,0,1,0,1,1,1,0,0,0,1,1,2,4,1,0,0,0,1,11,9,0,1,2,15,0,4,0,0,0,0,1,4,1,0,1,0,5,4,0,0,0,1,0,2,0,2,2,2,0,0,0,0,1,0,0,0,4,4
"148",123,"108","k__Bacteria;p__Actinobacteria;c__Actinobacteria;o__Actinomycetales;Luna1;Luna1-A;unclassified","a6aec45ef481dd828e178ea37abdbcb4",1,1,14,2,0,0,0,0,0,0,1,1,9,6,1,0,0,0,0,1,0,0,8,1,0,0,0,0,0,1,0,0,0,0,1,1,3,5,1,0,1,0,1,3,5,1,0,0,1,0,0,3,7,5,4,4,3,0,11,1,0,0,0,0,4,0,0,5,0,2,1,0,0,0,0,0,0,0,0,2,0,0,0,0,0,0,0,1,0,0,0
"149",886,"6","k__Bacteria;p__Actinobacteria;c__Actinobacteria;o__Actinomycetales;unclassified;unclassified;unclassified","848a879ef726d57f5392cc2cb1f0fe9d",20,58,30,9,9,3,0,5,5,3,11,29,10,9,6,2,0,1,0,2,4,16,20,17,1,0,1,2,2,9,23,17,2,2,0,1,25,13,0,0,1,2,4,4,24,27,4,3,2,2,6,48,66,1,1,2,93,15,37,2,1,0,1,0,14,5,0,0,1,9,16,0,0,2,3,1,1,5,19,32,10,1,0,0,1,2,0,3,5,30,13
"150",327,"6","k__Bacteria;p__Actinobacteria;c__Actinobacteria;o__Actinomycetales;Luna1;Luna1-A;unclassified","2e69f9b3f19440a2657cac4e3ccff545",10,26,8,4,8,2,0,0,1,1,3,9,5,4,2,0,1,0,0,0,1,3,5,7,0,0,0,1,0,8,9,6,1,0,0,0,5,2,1,0,1,1,2,1,15,16,1,0,1,0,4,25,19,1,1,2,29,0,15,0,0,0,0,0,5,1,0,0,0,5,4,0,1,0,2,0,3,2,2,10,2,0,0,0,0,0,0,3,0,11,9
"151",17292,"6","k__Bacteria;p__Actinobacteria;c__Actinobacteria;o__Actinomycetales;unclassified;unclassified;unclassified","2d21ab23094a768b93767d0dbb261b18",377,1145,621,200,238,70,9,12,61,54,172,657,257,277,137,24,9,7,14,42,115,223,399,296,23,8,33,45,66,336,334,203,68,28,33,56,460,233,25,20,32,98,113,68,485,581,124,59,79,40,200,1122,1000,32,29,99,1364,118,652,20,7,3,9,60,335,42,1,20,33,212,285,26,6,18,62,18,101,123,456,400,122,9,1,6,2,31,70,105,50,648,329
"152",348,"-1","k__Bacteria;p__Actinobacteria;c__Actinobacteria;o__Actinomycetales;unclassified;unclassified;unclassified","2db7329e7abb156b87da02e38a539ac1",8,30,17,1,6,2,0,0,1,0,3,13,4,5,3,1,0,0,0,0,3,1,5,4,0,0,1,1,0,9,6,3,2,0,0,0,9,4,0,0,0,6,0,1,8,15,1,1,4,1,2,35,12,1,0,1,32,6,7,1,0,0,0,1,5,1,0,0,1,3,6,1,0,1,1,1,4,4,6,12,0,0,0,0,0,0,2,4,2,10,7
"153",323,"6","k__Bacteria;p__Actinobacteria;c__Actinobacteria;o__Actinomycetales;Luna1;Luna1-A;unclassified","780ee6beaf313bc1c82ad1e2dd26dd03",5,20,9,6,4,1,0,2,1,1,2,8,8,7,8,0,0,0,0,0,0,2,7,3,1,0,0,2,0,4,7,3,3,0,0,1,7,8,0,0,0,1,2,2,12,15,2,3,2,2,1,25,22,0,0,3,24,2,20,1,0,0,0,0,5,1,0,1,0,1,5,1,0,0,1,1,1,5,7,7,0,0,0,0,0,0,1,2,1,9,5
"154",1294,"6","k__Bacteria;p__Actinobacteria;c__Actinobacteria;o__Actinomycetales;Luna1;Luna1-A;unclassified","cbfb36543104fb15a7b1624aae69841b",34,76,72,9,7,2,1,1,4,4,9,47,24,28,5,2,0,0,1,2,3,24,30,11,1,0,1,5,4,19,28,25,3,2,1,4,32,14,0,0,2,7,12,5,63,50,2,6,6,4,13,87,84,5,3,6,107,11,66,4,0,0,2,2,33,0,0,10,3,15,12,2,0,2,2,2,5,10,17,23,9,3,0,0,0,2,5,11,2,31,13
"155",1053,"6","k__Bacteria;p__Actinobacteria;c__Actinobacteria;o__Actinomycetales;Luna1;Luna1-A;unclassified","b96495da1c7ce177ad255ab745b6940d",15,69,53,17,15,5,0,2,6,15,10,30,17,12,7,1,0,0,0,2,3,16,17,21,2,1,1,1,2,15,18,11,1,0,1,2,21,13,1,0,5,7,9,1,33,35,13,3,6,5,13,69,58,0,0,7,109,4,46,3,0,0,0,4,22,0,0,1,2,13,14,1,2,1,4,0,4,5,23,29,8,2,0,0,0,1,0,14,1,41,12
"156",198,"6","k__Bacteria;p__Actinobacteria;c__Actinobacteria;o__Actinomycetales;Luna1;Luna1-A;unclassified","45d407285b1c314ff65bb8b43ed11def",3,14,7,1,3,1,0,0,1,0,3,6,5,4,1,0,0,1,0,0,2,2,7,0,0,0,0,0,1,4,5,5,0,0,0,1,5,3,0,0,0,0,3,2,4,6,3,0,0,0,3,9,10,0,0,1,16,1,12,0,0,0,0,1,1,0,0,0,0,5,5,0,0,0,0,0,1,3,7,6,0,0,0,0,0,1,0,3,0,7,3
"157",633,"6","k__Bacteria;p__Actinobacteria;c__Actinobacteria;o__Actinomycetales;Luna1;Luna1-A;unclassified","ffa0dbbbb720d3ff6d478d554e60b928",8,50,23,10,12,4,0,1,1,1,11,27,13,7,3,1,1,0,0,4,2,16,21,4,1,0,0,0,3,14,15,5,2,0,0,2,13,9,0,0,3,6,2,0,15,18,4,6,5,1,3,41,44,1,0,5,46,2,33,0,0,0,0,1,10,1,0,0,1,3,10,0,0,1,1,2,3,9,14,16,4,0,0,0,0,0,2,5,0,22,9
"158",291,"6","k__Bacteria;p__Actinobacteria;c__Actinobacteria;o__Actinomycetales;Luna1;Luna1-A;unclassified","668da6dee6b4c7dfc4da5d6315ea522b",7,23,14,4,5,0,0,0,2,0,4,8,2,3,4,0,0,0,2,1,2,3,5,2,0,1,0,0,0,5,10,1,1,1,0,1,7,3,0,0,1,3,1,1,5,5,4,1,1,0,6,22,18,1,0,1,24,0,22,0,0,0,0,3,8,2,0,0,0,0,3,1,0,0,1,0,2,0,2,11,4,1,0,0,0,0,2,3,0,6,5
"159",298,"6","k__Bacteria;p__Actinobacteria;c__Actinobacteria;o__Actinomycetales;Luna1;Luna1-A;unclassified","881c029e869316ba5a866b727b2a3d65",9,11,9,7,8,1,0,1,0,1,3,11,2,3,5,0,0,0,0,1,1,3,5,9,0,1,1,1,1,6,7,2,0,1,0,1,3,7,0,0,0,0,2,1,12,9,2,0,1,0,1,28,27,0,0,1,28,0,16,0,0,0,0,3,5,1,0,0,1,5,5,0,0,0,1,1,3,0,4,3,5,0,0,0,0,0,0,0,0,10,2
"160",113,"-1","k__Bacteria;p__Actinobacteria;c__Actinobacteria;o__Actinomycetales;Luna1;Luna1-A;unclassified","bcc2f7afdc248a56a7103045327436e8",3,10,3,0,2,0,0,1,1,0,0,6,0,0,0,0,1,0,0,0,2,2,2,0,0,0,0,0,0,2,4,0,0,0,0,1,4,1,0,0,0,0,7,1,4,2,1,0,1,0,0,6,9,1,0,0,3,1,15,0,0,0,0,0,1,1,0,0,0,1,3,1,0,0,0,0,2,0,0,2,1,0,0,0,0,0,0,0,1,3,1
"161",1050,"6","k__Bacteria;p__Actinobacteria;c__Actinobacteria;o__Actinomycetales;Luna1;Luna1-A;unclassified","dd0aed305504a6ff2ea9937812d6a65b",14,65,35,14,10,2,1,1,2,3,8,42,19,11,7,0,0,1,0,0,9,15,24,17,0,1,0,2,3,17,24,10,3,1,1,5,27,14,2,1,3,8,8,2,28,19,15,3,3,4,16,86,75,3,0,4,89,10,62,0,1,2,0,3,28,2,0,1,0,14,20,4,1,0,2,2,4,4,12,28,8,2,0,0,0,0,5,11,1,29,17
"162",824,"6","k__Bacteria;p__Actinobacteria;c__Actinobacteria;o__Actinomycetales;Luna1;Luna1-A;unclassified","d13e6bf0d413b23856f20d1089a31fbc",22,68,35,12,7,5,0,1,6,2,7,36,13,18,6,3,0,0,0,2,1,13,20,10,2,0,1,0,6,10,16,6,1,1,0,0,19,14,2,0,1,4,5,5,22,18,4,2,2,0,7,54,61,1,1,8,54,4,32,0,0,0,0,0,23,3,0,2,3,10,10,1,0,0,2,0,4,8,28,16,5,0,0,1,0,1,6,4,0,34,13
"163",111,"-1","k__Bacteria;p__Actinobacteria;c__Actinobacteria;o__Actinomycetales;Luna1;Luna1-A;Luna1-A1","1925c10915cbd72c62e014cb54e2bd3b",0,0,0,0,0,1,6,0,0,0,0,0,0,0,0,5,1,0,0,0,0,0,0,0,3,8,7,0,0,0,0,1,4,3,2,1,0,0,0,0,0,0,0,0,0,0,3,7,19,1,1,0,0,0,1,1,0,0,0,3,5,0,1,0,0,1,5,0,0,0,1,2,0,2,0,0,0,0,0,0,0,0,7,9,0,0,0,0,0,0,0
"164",205,"178","k__Bacteria;p__Actinobacteria;c__Actinobacteria;o__Actinomycetales;Luna1;Luna1-A;unclassified","bc581d67c7d2fdec6fedf63fce2b873c",2,3,10,3,5,0,0,1,0,0,3,9,2,2,0,0,0,0,1,1,5,6,7,5,0,0,3,0,0,1,7,2,1,2,0,1,13,4,0,1,1,2,4,0,4,9,3,1,1,0,4,1,2,0,0,0,15,0,4,0,0,0,0,0,4,1,0,0,0,0,6,0,0,0,1,0,0,0,9,8,3,0,0,0,0,0,0,1,2,12,7
"165",2494,"142","k__Bacteria;p__Actinobacteria;c__Actinobacteria;o__Actinomycetales;Luna1;Luna1-A;unclassified","ca84657ba37755c66e159345d7f77b24",105,93,152,23,22,1,0,0,4,0,3,64,19,30,10,1,0,0,0,1,56,34,102,40,2,1,1,2,3,84,24,27,0,0,1,0,252,151,0,0,1,3,5,4,127,130,7,5,1,1,19,204,127,2,2,1,93,9,77,0,0,1,2,0,87,2,0,2,3,28,94,0,0,1,1,1,2,1,39,22,5,0,1,0,0,6,25,10,0,15,20
"166",121,"-1","k__Bacteria;p__Actinobacteria;c__Actinobacteria;o__Actinomycetales;unclassified;unclassified;unclassified","38f111a1d4170775ef850e4fd0e57564",3,5,5,1,1,1,0,0,0,0,4,2,2,2,1,0,0,0,0,0,0,2,4,1,0,0,0,0,0,4,4,1,1,0,0,1,5,2,1,0,0,0,3,0,1,4,2,0,1,0,0,10,7,0,1,0,7,1,5,0,0,0,0,2,3,0,0,0,0,0,3,0,0,0,3,0,1,0,4,3,0,0,0,0,0,0,0,0,0,5,2
"167",131,"6","k__Bacteria;p__Actinobacteria;c__Actinobacteria;o__Actinomycetales;Luna1;Luna1-A;unclassified","d3eae69f038f76dcfb1236af8d805a10",3,7,6,2,1,1,0,0,1,0,2,8,2,1,3,0,0,0,0,1,0,0,4,1,0,0,0,0,0,3,3,0,0,0,0,1,2,2,0,0,0,1,0,1,5,5,1,0,0,0,1,12,7,0,0,2,11,0,1,0,0,0,0,0,2,0,0,0,0,1,3,0,0,1,1,0,1,3,8,2,0,0,0,0,0,0,0,1,1,2,4
"168",118,"-1","k__Bacteria;p__Actinobacteria;c__Actinobacteria;o__Actinomycetales;unclassified;unclassified;unclassified","93c1de3bf1ab57895e0fe7b701789fba",2,6,4,7,2,1,0,0,0,0,4,0,2,1,0,0,1,0,0,0,1,2,4,0,0,0,1,0,0,2,4,0,0,0,0,0,1,0,0,0,0,2,1,1,6,2,0,0,2,0,2,11,7,0,0,0,6,1,10,0,0,0,0,1,2,0,0,0,0,3,0,2,0,0,0,0,1,1,2,3,2,0,0,0,0,0,0,0,0,5,0
"169",1067,"6","k__Bacteria;p__Actinobacteria;c__Actinobacteria;o__Actinomycetales;Luna1;Luna1-A;unclassified","dd62e7ac270ea20a84f9660eee7e710d",22,70,52,21,13,5,1,2,3,2,17,51,16,9,7,1,0,0,0,1,5,14,15,8,3,0,0,2,4,25,20,16,6,3,0,2,28,23,3,1,3,2,2,1,42,31,13,2,4,4,11,74,91,1,1,2,92,11,47,0,0,0,0,3,18,0,0,0,1,9,11,3,0,1,4,1,6,13,16,25,5,0,0,0,1,0,3,8,1,19,14
"170",1098,"6","k__Bacteria;p__Actinobacteria;c__Actinobacteria;o__Actinomycetales;Luna1;Luna1-A;unclassified","60e3d73c477cd7db21f36a383d249486",24,73,32,10,15,4,0,0,3,3,9,36,16,18,14,3,0,1,1,3,9,16,19,27,1,0,3,3,2,26,33,8,1,0,2,6,33,12,1,2,4,6,4,5,39,40,8,4,4,3,14,70,50,2,2,4,91,6,42,1,0,1,2,3,19,2,0,2,6,19,18,2,0,2,6,1,5,4,25,20,6,0,0,0,0,5,0,12,2,46,22
"171",824,"6","k__Bacteria;p__Actinobacteria;c__Actinobacteria;o__Actinomycetales;Luna1;Luna1-A;unclassified","06a375f7e06ce4443dbdaeb9515b46a7",17,51,59,6,7,6,0,0,4,0,7,28,8,18,3,0,0,0,2,1,5,10,15,16,1,1,0,1,1,12,12,9,0,0,2,1,22,5,0,0,0,5,3,4,45,39,7,4,6,5,5,50,49,1,0,7,86,6,34,2,0,0,1,2,13,2,0,4,0,12,17,2,0,1,3,2,3,3,19,18,3,0,0,0,1,0,1,0,2,15,12
"172",589,"6","k__Bacteria;p__Actinobacteria;c__Actinobacteria;o__Actinomycetales;Luna1;Luna1-A;unclassified","4fc98bf411b0f7330c5f3206bbfc6693",12,36,29,5,10,1,0,0,1,1,3,15,12,18,9,0,0,0,0,3,4,11,13,14,2,0,0,2,2,18,15,3,1,1,2,5,14,8,0,0,0,2,1,4,17,20,3,3,1,2,10,35,27,0,1,2,42,5,19,1,1,0,1,2,12,2,0,1,0,7,15,1,0,1,3,1,1,5,12,15,4,0,0,0,0,1,3,1,0,20,15
"173",1812,"84","k__Bacteria;p__Actinobacteria;c__Actinobacteria;o__Actinomycetales;Luna1;Luna1-A;unclassified","26959a6b8a18b8fb681fcccfbaddbaf2",1,0,0,0,8,30,61,16,0,0,0,1,0,0,3,57,34,0,0,0,0,0,0,0,47,127,99,22,1,0,0,0,16,78,19,12,0,0,0,5,7,19,0,0,0,0,73,130,251,64,21,0,0,6,20,3,0,0,2,7,65,3,4,1,0,10,21,0,0,0,0,27,23,99,21,1,0,0,0,0,0,10,96,149,39,1,2,0,0,0,0
"174",127,"6","k__Bacteria;p__Actinobacteria;c__Actinobacteria;o__Actinomycetales;Luna1;Luna1-A;unclassified","801da72b7ad8424fe591390fa49b39e4",2,6,4,0,2,1,0,0,0,0,2,3,2,3,2,0,0,0,0,1,1,1,3,2,0,0,1,0,1,6,4,3,0,0,0,0,2,1,1,0,0,0,0,0,2,5,1,1,1,0,3,7,8,0,0,0,9,0,9,0,0,0,0,0,6,0,0,0,0,1,1,0,0,1,1,0,0,0,3,4,2,0,0,0,0,0,0,1,0,4,3
"175",124,"-1","k__Bacteria;p__Actinobacteria;c__Actinobacteria;o__Actinomycetales;unclassified;unclassified;unclassified","6d0caaa1a48518567e480cbca3eb4ed6",0,30,2,2,0,2,0,0,0,1,2,4,1,1,0,0,0,0,0,0,1,3,1,1,0,0,0,0,0,1,4,0,0,0,0,1,4,1,0,1,0,2,2,0,2,5,0,0,0,1,3,9,8,1,0,0,5,2,3,0,0,0,0,0,3,0,0,1,0,0,1,0,0,0,1,0,1,1,2,0,0,0,0,0,0,1,0,1,0,3,3
"176",131,"-1","k__Bacteria;p__Actinobacteria;c__Actinobacteria;o__Actinomycetales;unclassified;unclassified;unclassified","e98bd90f16ed09d1990e36e673da8c4f",9,10,6,0,1,0,0,0,1,0,0,4,1,1,2,0,0,0,0,0,1,2,3,0,0,0,0,1,0,1,0,2,0,0,0,0,1,1,0,0,0,2,1,0,6,2,0,0,0,0,4,20,4,0,0,3,15,0,3,0,0,0,0,1,1,0,0,0,0,0,1,0,0,0,0,0,0,1,9,1,0,0,0,0,1,0,0,1,0,5,3
"177",1256,"6","k__Bacteria;p__Actinobacteria;c__Actinobacteria;o__Actinomycetales;unclassified;unclassified;unclassified","c65b5fabd0881bc71730a5feee084c2e",24,95,45,20,20,4,0,1,8,1,15,56,21,25,6,2,1,0,0,6,6,12,28,17,2,1,2,3,4,24,20,10,6,4,2,4,27,16,2,1,2,6,10,6,40,34,5,2,5,3,19,91,80,1,2,6,98,23,40,3,0,0,1,11,30,1,0,0,4,13,22,2,1,1,5,0,7,4,26,24,6,0,0,0,1,1,9,9,5,40,16
"178",419,"6","k__Bacteria;p__Actinobacteria;c__Actinobacteria;o__Actinomycetales;Luna1;Luna1-A;unclassified","2f94bc13520689c4a4b161470aa5c0de",5,18,19,8,5,4,0,0,2,0,5,18,11,3,3,2,0,1,2,1,3,4,12,7,0,0,0,2,1,4,8,1,0,1,0,0,10,6,1,1,1,1,5,0,12,12,1,3,3,0,6,31,27,0,0,3,62,2,18,0,0,0,0,5,9,0,0,1,0,6,2,0,1,1,0,0,2,1,5,7,2,1,0,0,0,1,5,0,0,9,6
"179",156,"6","k__Bacteria;p__Actinobacteria;c__Actinobacteria;o__Actinomycetales;Luna1;Luna1-A;unclassified","1420ad8b64436b98545711147f9baa23",1,10,12,1,2,0,0,0,2,0,0,4,2,1,2,0,0,0,0,0,4,2,5,2,0,0,0,0,0,2,3,1,0,0,0,0,4,4,0,0,2,1,2,0,4,4,2,0,2,1,2,13,18,0,0,0,11,0,7,0,0,0,0,0,4,1,0,0,2,0,1,0,0,0,0,0,2,1,0,7,1,1,0,0,0,0,0,0,0,3,0
"180",209,"-1","k__Bacteria;p__Actinobacteria;c__Actinobacteria;o__Actinomycetales;unclassified;unclassified;unclassified","c4d705c703683e8284dcd1c59dcc04b3",8,6,22,0,4,0,0,0,0,0,0,6,5,3,2,0,0,0,0,0,3,1,23,2,0,0,0,0,0,7,7,3,0,0,0,0,17,10,0,0,0,0,0,0,13,13,0,0,0,0,2,8,6,0,0,0,10,1,4,0,0,0,0,0,2,0,0,0,0,0,6,0,0,0,0,0,0,0,8,1,0,0,0,0,0,0,2,1,0,1,2
"181",136,"-1","k__Bacteria;p__Actinobacteria;c__Actinobacteria;o__Actinomycetales;unclassified;unclassified;unclassified","cf7c80c60fdf80a1d82af83613430b5e",3,6,4,6,3,1,0,0,0,0,2,5,4,2,0,0,0,0,0,1,1,3,2,3,0,0,0,0,0,0,6,0,2,0,0,0,5,3,0,1,0,1,2,2,7,4,0,1,0,1,3,4,9,0,0,1,13,1,0,0,0,0,0,0,1,0,0,0,1,2,3,0,0,0,0,0,0,2,2,4,1,1,0,0,0,0,0,0,2,3,2
"182",308,"6","k__Bacteria;p__Actinobacteria;c__Actinobacteria;o__Actinomycetales;Luna1;Luna1-A;unclassified","926b7aaf0f5ed9a31bec64eec587da83",6,19,3,6,7,0,0,1,1,1,2,13,6,7,3,1,0,0,0,2,0,5,12,5,0,0,0,1,1,6,5,4,0,0,0,0,14,6,0,0,1,0,1,0,6,5,0,1,1,1,4,27,16,3,1,2,37,2,9,1,0,0,0,4,4,0,0,0,1,3,4,0,0,0,1,0,2,3,8,4,0,1,0,0,0,0,0,1,1,8,8
"183",139,"142","k__Bacteria;p__Actinobacteria;c__Actinobacteria;o__Actinomycetales;Luna1;Luna1-A;unclassified","f69f7b7c138ba7bedf9ec02420937611",7,4,8,1,1,0,0,0,0,0,0,4,2,0,0,0,0,0,0,0,3,0,7,3,0,0,0,0,0,2,2,1,0,0,0,0,17,6,0,0,0,0,0,0,8,6,1,1,0,0,1,12,9,0,0,0,8,0,2,0,0,0,0,0,9,0,0,0,0,1,2,0,0,0,0,0,1,0,2,4,0,0,0,0,0,0,1,2,0,0,1
"184",955,"6","k__Bacteria;p__Actinobacteria;c__Actinobacteria;o__Actinomycetales;Luna1;Luna1-A;unclassified","3204bc9be8214bb19d75e5737dfb601a",19,70,41,18,12,1,1,0,4,10,14,32,20,24,7,0,1,1,0,0,2,21,22,15,1,1,0,1,2,19,17,11,3,0,3,2,22,15,0,0,2,4,2,3,27,29,7,2,4,0,8,63,79,3,1,3,67,5,40,0,1,0,0,2,23,5,0,4,1,12,17,4,1,0,5,1,6,6,12,16,9,0,0,0,0,1,2,3,3,27,13
"185",184,"-1","k__Bacteria;p__Actinobacteria;c__Actinobacteria;o__Actinomycetales;unclassified;unclassified;unclassified","8244536cdce447756c72e17821ba2043",0,0,0,5,0,0,0,0,1,0,0,5,1,3,35,1,0,0,0,0,2,4,4,2,0,0,0,0,0,7,10,11,0,0,2,4,0,3,2,1,0,0,1,0,3,10,2,0,0,2,1,9,5,0,0,3,1,1,11,1,0,0,0,1,3,1,0,1,1,0,7,2,0,0,2,0,0,1,1,4,0,0,0,0,1,2,0,0,2,2,0
"186",364,"-1","k__Bacteria;p__Actinobacteria;c__Actinobacteria;o__Actinomycetales;Luna1;Luna1-A;unclassified","34a6abcd2d720c8e007da573feebc1a8",14,18,17,1,3,0,0,2,0,0,2,21,9,7,2,1,0,2,0,0,1,3,12,5,0,0,0,0,2,2,3,3,0,1,0,0,10,1,0,0,0,5,4,5,12,21,3,5,1,0,12,20,13,0,0,2,24,2,15,0,0,0,0,3,6,0,0,1,1,6,4,1,0,1,2,0,1,2,10,11,2,0,0,0,0,0,2,3,1,13,8
"187",156,"-1","k__Bacteria;p__Actinobacteria;c__Actinobacteria;o__Actinomycetales;f__Microbacteriaceae;unclassified;unclassified","9ace61bfdaaa2c5e88a9bc98cd12937f",1,0,6,0,4,1,0,0,1,0,1,4,3,3,2,0,0,0,0,1,1,3,5,5,0,0,0,0,1,3,8,3,2,0,2,0,10,2,0,0,1,3,0,1,5,6,3,3,0,0,2,3,0,0,0,0,5,0,1,0,0,0,2,0,4,0,0,0,0,2,5,0,0,0,0,0,0,0,8,5,4,0,0,0,0,0,1,3,0,8,9
"188",658,"6","k__Bacteria;p__Actinobacteria;c__Actinobacteria;o__Actinomycetales;Luna1;Luna1-A;unclassified","d40675105e9511c3cbd6d23c0e052555",14,41,27,12,5,3,0,2,4,2,8,21,5,12,9,0,0,0,1,2,4,10,16,6,1,0,0,0,2,8,13,5,3,0,0,2,16,7,0,1,3,9,7,7,13,16,8,1,5,0,14,54,39,2,0,4,49,8,35,0,0,0,0,3,11,1,1,1,2,6,6,2,1,0,3,1,1,2,13,20,2,0,1,1,0,1,6,3,2,18,14
"189",304,"6","k__Bacteria;p__Actinobacteria;c__Actinobacteria;o__Actinomycetales;unclassified;unclassified;unclassified","118c4b03d8b6d77ccabb30d235b4b930",10,21,13,7,4,0,0,0,1,1,2,15,3,8,5,0,1,0,0,0,1,4,7,1,0,0,1,0,3,5,11,5,0,0,3,0,6,7,0,0,3,0,3,1,11,11,5,0,1,0,2,12,12,0,0,1,28,1,9,0,0,0,0,1,5,1,0,0,0,2,3,1,0,0,1,1,1,1,10,9,2,0,0,0,0,1,2,1,1,11,5
"190",170,"-1","k__Bacteria;p__Actinobacteria;c__Actinobacteria;o__Actinomycetales;unclassified;unclassified;unclassified","cc813a9e203cf75136625e4e161cf170",1,3,9,3,1,1,0,0,2,2,2,5,2,5,1,0,0,0,0,3,2,1,2,4,0,0,0,0,1,4,9,2,1,0,0,2,2,0,0,0,0,1,0,0,3,11,5,0,0,1,1,11,9,1,0,0,14,1,7,0,0,0,0,0,2,0,0,0,1,1,5,0,0,0,0,0,0,3,2,6,2,0,0,0,0,0,1,1,0,6,5
"191",263,"-1","k__Bacteria;p__Actinobacteria;c__Actinobacteria;o__Actinomycetales;Luna1;Luna1-A;unclassified","a86bddf36a8a2516c88a61886c29eff0",7,18,4,1,4,0,0,0,1,0,1,15,6,5,1,0,0,0,0,0,1,7,8,3,0,0,1,1,1,3,4,2,0,0,2,2,11,2,0,0,0,0,3,0,15,7,1,1,1,0,2,13,13,0,0,2,28,0,16,0,0,0,0,2,3,3,0,0,1,0,6,2,0,0,1,0,0,1,3,8,1,0,0,0,0,0,1,0,0,13,5
"192",728,"6","k__Bacteria;p__Actinobacteria;c__Actinobacteria;o__Actinomycetales;Luna1;Luna1-A;unclassified","ea63b2c78784ed9b5a6bfe6c6bf10911",25,32,30,9,8,2,0,0,4,1,7,38,8,9,5,0,0,0,0,2,3,13,17,15,1,0,2,0,0,17,14,8,1,1,1,2,17,12,0,0,1,4,5,3,18,18,7,5,1,3,9,49,55,1,0,3,66,7,38,0,1,0,0,4,19,2,0,0,1,5,15,0,0,0,1,0,3,5,12,11,10,0,0,1,0,2,2,3,2,17,15
"193",131,"-1","k__Bacteria;p__Actinobacteria;c__Actinobacteria;o__Actinomycetales;unclassified;unclassified;unclassified","34adca0e573f84ed30a84f5f7b4c78b9",1,22,4,4,2,0,0,0,2,0,0,0,2,0,1,0,0,0,1,2,0,0,5,3,0,0,1,0,2,6,3,1,0,0,0,0,3,2,0,0,0,1,0,0,3,9,0,0,1,0,2,0,0,0,0,0,1,0,2,0,0,0,0,0,3,2,0,0,0,0,1,0,0,0,3,1,2,0,10,2,2,0,0,0,0,0,0,1,2,13,3
"194",105,"-1","k__Bacteria;p__Actinobacteria;c__Actinobacteria;o__Actinomycetales;f__Microbacteriaceae;unclassified;unclassified","322d2f52063ae2c7740b7b412eb7e08f",1,0,8,2,0,0,0,0,1,0,1,6,1,1,0,0,0,0,0,1,4,3,2,3,0,0,0,0,1,4,3,0,0,0,1,0,3,3,0,0,0,1,0,0,4,7,2,0,0,0,1,2,1,0,0,0,5,0,5,0,0,0,0,0,1,0,0,0,0,0,3,0,0,0,1,1,1,1,2,5,3,0,0,0,0,0,3,0,0,4,3
"195",596,"84","k__Bacteria;p__Actinobacteria;c__Actinobacteria;o__Actinomycetales;Luna1;Luna1-A;unclassified","1cba5674514f6d08c7219fc8225d7731",0,1,0,0,2,10,22,3,0,0,0,0,1,2,4,16,6,0,0,0,0,0,1,1,10,28,34,5,0,0,0,1,13,30,8,0,1,0,0,3,6,9,0,0,0,0,20,46,57,14,5,0,1,4,2,1,3,1,2,6,26,2,3,0,2,2,6,0,0,0,1,7,6,32,1,0,0,0,0,0,0,8,35,61,23,1,0,1,0,0,0
"196",782,"6","k__Bacteria;p__Actinobacteria;c__Actinobacteria;o__Actinomycetales;Luna1;Luna1-A;unclassified","cdb8b1297b8f1b50b32fbca03dbde76a",26,55,25,7,14,9,0,0,4,0,8,28,5,18,6,2,2,0,0,0,9,16,21,11,1,0,0,4,3,12,16,14,2,0,3,2,15,11,2,0,2,6,7,4,20,18,5,4,4,1,10,51,60,0,0,6,58,3,34,0,0,0,0,3,20,5,0,1,0,11,11,1,0,0,1,0,1,6,11,15,6,0,0,0,0,2,3,5,0,20,16
"197",185,"-1","k__Bacteria;p__Actinobacteria;c__Actinobacteria;o__Actinomycetales;unclassified;unclassified;unclassified","8bea4a3db4929523dacf5ad9934121dd",4,8,3,1,1,1,0,0,0,1,0,8,1,7,1,0,1,0,0,0,1,4,2,8,1,0,0,1,1,2,7,0,0,0,0,0,7,3,0,0,0,2,1,1,5,6,1,0,1,0,2,18,11,0,0,2,14,2,9,1,0,0,1,1,1,0,0,0,0,3,6,0,0,0,1,0,2,1,2,5,0,0,0,0,0,1,0,2,0,6,3
"198",121,"-1","k__Bacteria;p__Actinobacteria;c__Actinobacteria;o__Actinomycetales;Luna1;Luna1-A;unclassified","f810c87bde43b41ac18a93053a5af218",3,7,2,1,1,0,0,0,0,1,1,3,2,1,1,0,0,0,1,0,0,1,6,4,0,0,0,0,1,2,3,0,0,0,0,1,0,3,1,0,0,2,3,0,1,3,1,0,3,0,2,8,9,0,0,0,11,0,8,0,0,0,0,1,2,1,0,0,1,1,3,0,0,0,0,0,1,1,3,0,0,0,0,0,0,0,0,1,0,8,1
"199",537,"6","k__Bacteria;p__Actinobacteria;c__Actinobacteria;o__Actinomycetales;Luna1;Luna1-A;unclassified","0793c97f4ae7a624f9d8500e74db19ce",13,46,29,10,5,1,0,0,1,2,4,22,6,4,2,0,0,0,1,0,3,12,9,7,1,0,1,1,1,12,17,5,2,1,1,4,15,7,0,2,1,2,4,3,11,19,6,2,2,1,9,33,27,0,1,4,43,4,25,1,0,0,0,1,6,0,0,2,1,3,8,2,1,0,2,1,4,4,6,10,2,0,0,0,0,1,1,2,2,23,10
"200",363,"6","k__Bacteria;p__Actinobacteria;c__Actinobacteria;o__Actinomycetales;Luna1;Luna1-A;unclassified","f9565c899f73ed4f37812ef53ca0057a",5,39,15,2,5,0,0,0,0,3,4,20,7,3,4,0,0,1,0,2,0,5,11,1,0,0,1,1,2,7,5,2,3,0,0,0,9,6,0,0,1,1,5,0,10,13,3,1,2,0,5,14,19,2,0,1,28,3,24,0,0,0,0,0,14,0,1,0,0,6,4,1,0,0,0,0,1,3,8,6,1,0,0,0,0,0,1,1,1,11,9
"201",100,"-1","k__Bacteria;p__Actinobacteria;c__Actinobacteria;o__Actinomycetales;Luna1;Luna1-A;unclassified","8aafe6bb24d4fe85ace20fc6e7885efc",0,1,1,3,4,1,0,0,0,0,0,1,0,0,0,2,0,0,0,0,0,0,1,1,0,0,1,2,1,1,4,2,0,0,1,0,8,0,0,0,0,1,1,1,5,6,1,1,0,1,2,5,1,0,0,1,13,1,4,0,0,0,0,1,0,0,2,0,0,2,1,0,0,0,0,1,0,0,0,0,2,0,0,0,0,0,0,9,0,1,2
"202",2137,"6","k__Bacteria;p__Actinobacteria;c__Actinobacteria;o__Actinomycetales;unclassified;unclassified;unclassified","00a768cd674c7818749ec87d11028ee2",53,157,78,36,22,11,0,1,6,7,19,87,28,41,18,2,0,1,0,8,16,28,50,37,5,2,4,6,3,34,31,28,14,0,1,3,58,27,1,1,5,14,6,13,84,50,15,6,11,4,28,121,120,3,1,10,161,16,74,1,0,0,0,5,35,7,0,6,3,32,37,6,0,1,7,2,11,11,64,54,17,1,0,0,0,5,7,23,6,77,53
"203",332,"6","k__Bacteria;p__Actinobacteria;c__Actinobacteria;o__Actinomycetales;unclassified;unclassified;unclassified","34f81585870087ef920e8a64217c6a60",6,29,16,5,1,2,0,0,0,2,1,11,5,5,5,1,1,0,0,0,1,5,7,8,0,0,0,1,1,5,11,4,1,0,0,3,9,4,0,0,1,0,1,0,12,12,2,2,1,0,3,14,16,2,1,2,23,1,14,0,0,0,0,0,7,3,0,0,0,2,3,1,0,0,1,0,4,3,12,11,2,0,0,0,0,0,1,3,0,14,8
"204",148,"-1","k__Bacteria;p__Actinobacteria;c__Actinobacteria;o__Actinomycetales;Luna1;Luna1-A;Luna1-A2","7f3bb5e5bf77dd2187b61dda30928e50",2,0,16,2,0,0,0,0,2,2,1,1,8,6,1,0,1,0,0,0,0,0,11,2,0,0,0,0,0,0,1,1,2,0,0,2,4,2,1,0,0,1,0,0,7,4,0,0,1,0,0,5,6,3,1,4,4,0,5,2,0,0,0,1,8,0,0,12,1,3,1,1,0,0,0,0,2,0,1,1,2,0,0,0,0,0,0,0,0,0,4
"205",314,"6","k__Bacteria;p__Actinobacteria;c__Actinobacteria;o__Actinomycetales;Luna1;unclassified;unclassified","950d19a6bf096852ebb0f89200b6c1d6",9,20,21,3,2,6,0,0,0,1,3,11,7,14,1,0,0,0,0,3,4,4,6,3,0,1,0,0,0,7,8,6,0,0,0,0,5,4,1,0,0,0,3,0,13,14,1,0,1,0,3,14,13,2,0,1,27,2,7,0,0,0,0,0,6,0,0,1,0,2,11,2,0,0,0,0,1,1,3,8,2,1,0,0,0,1,2,1,2,13,6
"206",868,"6","k__Bacteria;p__Actinobacteria;c__Actinobacteria;o__Actinomycetales;Luna1;Luna1-A;unclassified","246f4cff29dcc2e8492e7bf5616e292b",11,70,34,16,7,3,0,0,5,1,6,44,17,15,4,2,1,0,0,2,1,12,14,17,1,2,1,2,4,9,15,13,3,3,0,4,23,15,0,1,0,4,2,5,26,23,3,3,6,2,13,62,67,2,3,1,65,8,30,0,1,0,0,6,15,3,0,0,1,11,9,1,0,1,1,3,2,9,25,18,6,0,0,0,0,0,1,6,2,31,13
"207",5199,"6","k__Bacteria;p__Actinobacteria;c__Actinobacteria;o__Actinomycetales;unclassified;unclassified;unclassified","2d6395ac84545bc605cb5701a2ad7916",114,394,184,67,78,22,0,8,24,18,58,193,103,82,53,8,2,2,6,17,24,60,111,87,6,7,7,6,11,102,105,59,18,5,11,17,123,56,6,8,11,34,29,16,138,173,27,17,22,6,47,331,304,5,7,28,457,34,198,6,1,4,4,26,108,20,3,9,10,61,85,8,1,2,20,10,24,36,112,103,35,3,1,1,3,9,23,32,14,191,88
"208",639,"6","k__Bacteria;p__Actinobacteria;c__Actinobacteria;o__Actinomycetales;unclassified;unclassified;unclassified","2b81f54bf28f51a939177019363e2719",12,40,20,13,10,2,0,1,3,2,8,20,11,7,6,1,0,0,0,1,3,8,13,10,1,0,0,1,3,11,17,7,1,0,0,3,10,6,1,0,1,4,5,1,15,22,3,4,5,2,10,40,38,1,1,3,59,1,29,0,1,1,1,3,16,2,0,1,0,11,15,2,0,0,3,2,4,6,10,16,6,0,0,0,0,0,0,0,1,29,13
"209",133,"-1","k__Bacteria;p__Actinobacteria;c__Actinobacteria;o__Actinomycetales;Luna1;Luna1-A;Luna1-A1","f22850b5387b8ae15900674e13f5303d",0,0,0,0,0,2,9,0,0,0,0,0,0,0,0,2,0,0,0,0,0,0,0,0,3,9,6,2,0,0,0,0,1,8,3,0,0,0,0,0,0,0,0,0,0,0,5,16,11,6,2,0,0,1,1,0,0,0,0,0,5,1,0,0,0,1,5,0,0,0,0,1,3,5,1,0,0,0,0,0,0,4,9,8,2,1,0,0,0,0,0
"210",138,"6","k__Bacteria;p__Actinobacteria;c__Actinobacteria;o__Actinomycetales;Luna1;Luna1-A;unclassified","a0a68b06bced69c61cb2c8dcee7e3495",1,5,6,1,2,1,0,0,0,1,3,8,2,4,0,0,0,0,0,1,1,1,5,4,0,0,0,0,0,2,3,0,0,0,0,1,2,3,0,0,0,0,0,0,7,5,0,0,0,0,2,15,14,0,0,1,12,0,4,0,0,0,0,1,1,0,0,0,0,1,1,1,0,0,0,1,0,0,4,2,1,0,0,0,0,0,0,0,0,3,5
"211",947,"6","k__Bacteria;p__Actinobacteria;c__Actinobacteria;o__Actinomycetales;Luna1;Luna1-A;unclassified","88a5ecf11e6458390d069f1eec9fa9c6",32,67,40,14,8,6,1,1,3,0,15,37,12,13,7,1,2,0,0,2,7,10,25,17,0,0,0,2,1,16,15,9,1,0,2,1,19,12,0,0,4,6,6,2,26,24,4,6,8,0,13,65,59,1,1,7,88,9,42,1,0,0,2,6,16,4,0,1,1,5,17,4,0,0,3,0,1,6,8,40,5,0,1,0,2,0,4,4,4,27,16
"212",26753,"6","k__Bacteria;p__Actinobacteria;c__Actinobacteria;o__Actinomycetales;Luna1;unclassified;unclassified","098e31fa50c3a015927ac1b346ad70d1",681,1572,906,382,398,121,7,19,97,77,244,1089,365,319,200,44,13,14,14,78,139,359,530,565,37,21,33,69,75,592,656,241,104,55,47,74,856,303,21,12,45,203,132,140,968,880,169,100,117,49,289,1570,1410,39,43,166,2084,148,851,27,8,7,11,118,449,65,3,28,60,384,370,57,11,17,108,33,101,177,961,666,253,11,3,2,8,41,109,208,87,914,624
"213",439,"6","k__Bacteria;p__Actinobacteria;c__Actinobacteria;o__Actinomycetales;unclassified;unclassified;unclassified","b648becd4cc2ddb4724db34e5b07531c",4,37,26,4,4,4,0,0,3,2,7,16,3,7,4,0,0,0,0,3,3,2,11,4,0,0,0,0,3,5,12,7,1,1,0,3,7,8,1,0,0,3,3,1,19,15,3,1,3,0,6,23,19,0,0,1,49,6,15,1,1,0,0,1,8,0,0,0,3,1,5,0,0,0,1,0,3,5,10,7,4,0,0,0,0,1,2,2,2,17,6
"214",144,"-1","k__Bacteria;p__Actinobacteria;c__Actinobacteria;o__Actinomycetales;Luna1;Luna1-A;unclassified","a45ba28667fac61feab98e0adcefb138",1,7,3,1,2,1,0,0,0,0,2,6,3,1,2,0,1,0,0,1,0,4,2,1,0,0,0,0,0,5,1,3,0,0,1,0,6,1,0,0,0,3,0,1,6,3,5,0,1,1,1,9,23,0,0,0,5,1,3,0,0,0,0,0,3,1,0,0,1,3,2,0,0,0,0,1,1,2,1,1,0,0,0,0,0,0,1,3,1,3,3
"215",210,"-1","k__Bacteria;p__Actinobacteria;c__Actinobacteria;o__Actinomycetales;Luna1;Luna1-A;unclassified","7c7754d4b3687c05462f20f4c3b705b1",5,13,8,1,2,2,0,0,1,0,3,9,4,2,3,0,0,0,0,1,0,3,1,3,0,0,1,1,1,4,10,3,1,0,1,2,5,3,1,0,0,3,1,0,2,2,3,0,2,0,4,22,11,0,0,1,9,1,10,0,0,0,0,1,8,1,1,1,1,2,2,2,0,2,1,0,1,0,2,6,3,0,0,0,0,0,1,1,1,5,3
"216",849,"6","k__Bacteria;p__Actinobacteria;c__Actinobacteria;o__Actinomycetales;unclassified;unclassified;unclassified","ce79296e001a7e9fd12a995b28fa59aa",8,69,32,10,15,4,0,0,1,2,10,26,13,20,10,0,1,2,0,2,6,18,18,20,4,2,0,2,1,19,13,9,3,1,1,3,27,9,0,0,2,2,4,2,29,24,10,1,10,1,11,58,54,0,2,8,75,7,27,0,0,0,0,5,19,3,0,0,0,7,13,1,0,0,1,0,2,4,7,17,5,1,0,0,0,1,3,2,3,30,17
"217",127,"-1","k__Bacteria;p__Actinobacteria;c__Actinobacteria;o__Actinomycetales;unclassified;unclassified;unclassified","4ba346e58ff4e34aedf60beaed6ac0cf",1,2,7,2,0,0,0,0,1,1,0,5,2,2,0,0,2,1,1,1,2,1,6,0,0,0,0,0,1,0,0,0,2,0,0,1,1,2,1,0,0,1,1,0,4,3,0,0,0,0,0,8,4,2,5,9,6,4,9,0,0,0,0,0,3,0,0,14,0,2,2,0,0,0,0,1,0,1,0,0,1,1,0,0,0,0,0,1,0,0,0
"218",1430,"6","k__Bacteria;p__Actinobacteria;c__Actinobacteria;o__Actinomycetales;Luna1;Luna1-A;unclassified","bb3c5f6691b410ab2a5dcaccf4efb0fa",21,111,54,17,18,7,0,2,5,6,17,56,19,27,11,1,1,1,0,4,9,16,37,22,2,0,3,1,4,26,26,19,3,2,3,6,35,19,3,0,5,6,5,7,50,41,5,2,14,7,17,97,79,0,6,5,132,10,55,1,0,0,1,5,31,1,0,2,0,11,25,3,0,0,5,3,5,12,39,32,9,0,0,0,0,2,5,5,1,49,26
"219",133,"-1","k__Bacteria;p__Actinobacteria;c__Actinobacteria;o__Actinomycetales;Luna1;Luna1-A;unclassified","6e9fd9287fd2d63095612b9b3bfab0e4",1,1,6,1,1,0,0,0,0,1,1,7,1,4,0,0,0,0,0,1,5,4,6,5,0,1,0,1,0,4,0,2,0,1,0,0,7,1,0,0,1,1,0,0,5,6,1,1,0,0,2,2,2,0,0,0,8,0,3,0,0,0,0,0,4,0,0,0,0,1,4,1,0,0,0,1,1,0,6,3,0,0,0,0,0,2,1,1,2,5,7
"220",150,"-1","k__Bacteria;p__Actinobacteria;c__Actinobacteria;o__Actinomycetales;Luna1;unclassified;unclassified","0ff0a3c1f6acdbb42ce15815ac80ceb7",2,8,7,3,0,0,0,1,0,0,0,4,1,3,2,0,0,0,1,1,1,3,5,1,0,0,0,0,1,3,1,0,0,0,0,0,6,3,0,0,2,2,3,1,4,5,2,3,1,0,3,6,14,0,0,1,7,3,5,0,0,0,0,1,1,0,0,0,1,3,3,1,0,0,0,0,0,1,8,1,1,0,0,0,0,1,1,3,0,2,3
"221",328,"6","k__Bacteria;p__Actinobacteria;c__Actinobacteria;o__Actinomycetales;unclassified;unclassified;unclassified","6a4d29079333b66470d2d61be5f6f0a3",8,18,11,4,1,0,0,0,1,2,1,13,3,10,3,1,1,0,1,1,5,4,2,4,0,0,1,1,1,2,6,6,1,0,0,5,6,5,0,0,1,0,1,1,7,3,2,1,1,1,2,26,20,1,1,2,35,2,19,1,0,0,0,1,11,3,0,1,0,2,8,2,0,0,0,1,1,1,8,8,2,0,1,0,0,1,0,3,1,13,5
"222",126,"-1","k__Bacteria;p__Actinobacteria;c__Actinobacteria;o__Actinomycetales;f__Microbacteriaceae;unclassified;unclassified","1e4ae819dffd9e8e11b5340ab0df9a68",5,9,3,1,3,0,0,1,0,0,1,5,2,2,0,0,0,1,0,0,0,4,3,3,0,0,0,0,1,3,5,0,0,0,0,1,5,2,0,0,0,0,0,0,3,2,0,2,0,1,0,10,6,0,0,0,6,2,3,0,0,0,0,0,0,1,0,0,0,2,4,0,0,0,0,1,1,0,2,8,0,0,0,0,0,0,0,2,0,5,5
"223",281,"-1","k__Bacteria;p__Actinobacteria;c__Actinobacteria;o__Actinomycetales;Luna1;Luna1-A;unclassified","1973bb484cb27646211cc028e7e08791",7,8,8,4,6,0,0,0,0,3,1,14,5,3,0,0,0,0,0,0,2,9,11,3,0,2,0,0,2,10,0,3,3,0,0,5,10,3,0,1,0,1,0,0,8,13,2,1,3,1,4,17,11,0,0,0,23,0,4,0,1,0,0,1,7,1,0,0,0,4,6,0,0,0,2,1,1,3,9,11,1,0,0,0,0,0,1,2,0,12,7
"224",390,"6","k__Bacteria;p__Actinobacteria;c__Actinobacteria;o__Actinomycetales;Luna1;Luna1-A;unclassified","483b0016eafa2b67c20b2371ea0136f1",6,45,15,2,3,0,0,0,1,0,6,12,5,6,1,0,0,0,0,0,0,5,13,7,0,1,1,2,2,10,6,5,1,0,0,1,6,3,0,1,0,4,3,0,8,17,3,1,1,0,4,27,27,1,1,1,24,4,10,1,0,0,0,3,12,1,0,0,0,3,8,1,0,0,3,0,1,6,11,10,2,0,0,0,0,0,0,3,0,16,7
"225",194,"-1","k__Bacteria;p__Actinobacteria;c__Actinobacteria;o__Actinomycetales;f__Microbacteriaceae;unclassified;unclassified","809d1cb27b887d1b6475e62376c8d81e",1,0,13,3,2,1,0,0,0,0,0,5,2,2,0,1,0,0,0,0,0,7,10,5,0,0,0,0,1,1,8,0,1,1,0,0,5,2,0,0,0,2,1,3,13,13,4,0,0,0,1,1,0,0,0,1,5,0,4,0,0,0,0,2,7,0,0,0,0,1,4,0,0,0,3,0,2,2,5,6,1,0,0,0,0,0,0,6,0,6,30
"226",671,"6","k__Bacteria;p__Actinobacteria;c__Actinobacteria;o__Actinomycetales;Luna1;Luna1-A;unclassified","4edbc3252e8a451422913d8ac7ec3382",8,52,35,13,11,3,0,0,2,2,8,20,10,13,6,0,2,0,0,3,1,7,15,11,2,1,1,5,2,12,21,7,3,2,1,1,23,19,0,0,1,4,10,2,18,10,8,2,2,2,4,42,30,2,0,5,42,2,37,0,1,0,0,5,13,1,0,0,0,7,9,1,1,0,5,0,7,3,3,19,5,0,0,0,0,1,0,11,2,17,15
"227",495,"6","k__Bacteria;p__Actinobacteria;c__Actinobacteria;o__Actinomycetales;unclassified;unclassified;unclassified","5dd0f3c45acc008548aa67370a8ccb4d",9,30,24,3,5,3,0,0,3,0,5,20,8,10,4,1,1,0,0,1,5,6,16,12,0,0,0,1,1,10,17,6,5,1,0,2,14,5,0,1,1,4,4,4,10,19,6,0,1,1,6,28,33,2,3,1,36,4,15,0,0,0,0,2,11,1,0,0,0,4,11,2,0,1,0,0,2,1,16,7,4,0,0,0,0,0,1,3,1,14,7
"228",123,"-1","k__Bacteria;p__Actinobacteria;c__Actinobacteria;o__Actinomycetales;Luna1;unclassified;unclassified","92a8beb79becb65e9c4f487f083d4ec5",0,0,0,0,0,2,6,0,0,0,0,1,0,0,0,3,1,0,0,0,0,0,0,0,1,11,7,1,2,0,0,0,2,9,3,0,0,0,0,0,0,0,0,0,0,0,1,7,17,2,1,0,0,4,2,0,0,0,0,2,1,1,0,1,0,1,0,0,0,0,0,1,2,9,0,0,0,0,0,0,0,1,10,6,5,0,0,0,0,0,0
"229",483,"6","k__Bacteria;p__Actinobacteria;c__Actinobacteria;o__Actinomycetales;unclassified;unclassified;unclassified","59c7f934e3917d45ff1a01c70c559b38",10,32,23,7,10,1,0,0,0,3,9,12,9,5,2,0,1,0,0,1,0,4,10,6,0,0,0,1,2,9,12,5,0,2,0,1,16,6,1,1,2,3,2,4,13,16,5,1,3,2,5,32,27,2,2,1,29,1,25,2,0,0,1,1,10,2,0,2,1,8,9,1,1,0,3,0,4,2,16,11,3,0,0,0,0,0,2,4,3,15,6
"230",8443,"6","k__Bacteria;p__Actinobacteria;c__Actinobacteria;o__Actinomycetales;unclassified;unclassified;unclassified","02ba1550e7939d3d52dad8c691b40b93",184,602,336,105,119,33,2,3,31,28,85,340,127,145,64,13,2,7,7,28,38,127,173,123,11,7,17,13,31,184,198,97,33,10,10,17,224,103,6,5,21,46,59,41,248,290,61,29,30,16,130,546,450,8,14,41,730,66,301,13,10,2,6,36,158,20,2,8,22,98,118,20,3,4,27,16,48,54,176,179,55,1,1,5,3,11,25,51,18,300,138
"231",1037,"178","k__Bacteria;p__Actinobacteria;c__Actinobacteria;o__Actinomycetales;Luna1;Luna1-A;unclassified","2489327d8c94c09d4dce2f699b63312f",6,11,38,13,18,2,1,2,6,1,5,31,7,24,7,3,0,1,0,5,14,23,43,23,2,3,1,4,9,16,32,9,5,3,3,4,44,13,2,0,2,8,3,11,48,44,6,9,4,2,20,21,12,2,1,1,61,0,31,0,0,0,2,2,19,7,0,1,0,14,30,6,0,1,5,2,8,11,42,22,10,0,0,1,0,1,6,24,1,56,46
"232",711,"6","k__Bacteria;p__Actinobacteria;c__Actinobacteria;o__Actinomycetales;Luna1;unclassified;unclassified","cda56fac8006de06b32a019668fcb0a3",19,41,20,5,9,5,1,1,4,4,8,27,10,13,13,2,0,0,0,2,1,12,16,11,0,0,0,1,2,14,12,4,7,1,2,1,22,10,0,2,1,5,5,3,22,19,7,5,3,1,11,44,60,2,0,2,54,4,42,1,0,0,0,0,8,1,0,0,0,7,9,2,1,1,1,1,5,5,7,20,5,0,0,1,1,0,4,8,3,16,12
"233",505,"84","k__Bacteria;p__Actinobacteria;c__Actinobacteria;o__Actinomycetales;Luna1;Luna1-A;Luna1-A1","1b78c6df1f93132d467c0cafa7fba7a7",3,4,3,1,5,11,19,3,0,0,1,2,0,3,2,10,3,0,0,0,1,0,3,1,7,38,18,1,1,2,0,0,4,19,9,3,1,2,0,2,1,6,1,0,0,1,19,28,52,13,2,2,4,5,4,1,5,0,6,2,21,2,2,0,1,1,5,0,1,0,1,9,5,22,1,1,1,0,0,4,0,4,29,42,14,1,1,0,1,1,1
"234",283,"6","k__Bacteria;p__Actinobacteria;c__Actinobacteria;o__Actinomycetales;Luna1;Luna1-A;unclassified","81b9ccf29c372e338a274c2ad3f35caa",9,20,16,4,2,1,0,1,0,2,1,15,4,9,4,0,0,0,0,0,2,4,2,4,0,0,1,0,1,4,8,0,0,0,1,1,4,2,0,0,0,2,3,4,8,9,0,0,1,1,3,23,22,0,1,0,15,4,20,0,0,0,0,1,1,0,0,0,0,5,6,0,0,0,1,1,4,2,11,4,1,0,0,0,1,1,0,0,0,3,3
"235",233,"-1","k__Bacteria;p__Actinobacteria;c__Actinobacteria;o__Actinomycetales;Luna1;Luna1-A;unclassified","79aa7a7e1797b4660d6e1cb7da446b7e",0,2,14,1,4,0,0,0,1,0,2,4,1,1,0,2,0,0,0,1,4,9,16,10,0,0,0,0,0,4,9,2,0,0,0,2,21,16,0,0,0,2,0,2,18,9,1,0,0,2,1,4,1,0,0,2,9,0,4,0,0,0,0,0,8,2,0,0,0,2,8,0,0,0,3,1,0,0,6,3,1,0,0,0,0,0,5,2,0,4,7
"236",125,"-1","k__Bacteria;p__Actinobacteria;c__Actinobacteria;o__Actinomycetales;f__Microbacteriaceae;unclassified;unclassified","05dd09dab11b9429fa342b4fdd112208",1,11,4,3,1,3,0,0,1,2,2,7,4,0,0,1,0,0,0,0,1,0,4,1,1,0,0,0,1,1,3,1,1,0,0,0,2,1,0,0,0,0,1,2,8,4,1,0,0,0,2,7,7,0,0,0,9,1,4,0,0,0,0,1,2,0,1,0,0,1,1,0,0,0,2,0,0,2,3,2,1,1,0,0,0,0,0,0,0,4,1
"237",437,"6","k__Bacteria;p__Actinobacteria;c__Actinobacteria;o__Actinomycetales;Luna1;unclassified;unclassified","f8617a957370fbea5feeeba858114ff6",8,30,22,5,6,5,1,1,0,0,4,14,3,3,4,0,0,0,0,0,1,6,7,10,0,1,0,0,1,10,10,4,1,0,1,0,11,9,0,0,1,5,3,1,13,9,1,3,1,2,6,28,41,1,0,5,39,1,22,0,0,0,0,1,16,0,0,0,2,5,11,2,0,0,1,0,0,2,0,11,2,1,0,0,0,1,0,5,1,11,5
"238",273,"6","k__Bacteria;p__Actinobacteria;c__Actinobacteria;o__Actinomycetales;Luna1;Luna1-A;unclassified","44af191fbf93b7d93655b559925639a5",9,18,8,1,3,0,0,0,0,1,3,14,5,3,1,1,0,0,0,1,0,4,5,5,1,0,0,0,1,6,9,5,0,0,0,0,8,2,1,1,0,1,1,0,5,12,2,1,0,0,4,20,15,1,0,3,24,0,9,0,0,0,0,0,7,3,0,0,0,1,5,0,0,0,1,0,2,0,6,11,3,0,0,0,0,2,0,3,0,14,1
"239",4442,"-1","k__Bacteria;p__Actinobacteria;c__Actinobacteria;o__Actinomycetales;Luna1;Luna1-A;unclassified","18ff40784d140fa495b1d30212b78308",52,116,201,75,62,18,3,6,15,10,22,79,141,174,46,2,0,2,2,21,19,85,171,95,7,5,16,20,13,155,160,53,20,8,21,11,104,67,6,4,8,34,18,34,172,115,35,32,13,7,52,174,131,7,1,11,205,23,130,1,2,2,2,26,128,18,0,2,8,69,106,8,3,3,18,7,20,19,60,110,47,4,0,1,1,6,15,31,11,299,126
"240",239,"6","k__Bacteria;p__Actinobacteria;c__Actinobacteria;o__Actinomycetales;unclassified;unclassified;unclassified","f28ccf4b7d02232ea436e40def87cc81",14,21,8,1,2,1,0,0,0,0,2,3,3,2,4,0,0,0,0,1,0,2,7,5,0,0,0,0,1,7,4,0,0,0,0,0,4,3,0,0,0,1,1,6,11,11,2,1,0,0,3,16,12,0,0,1,19,2,7,1,0,1,0,0,5,1,0,0,1,1,3,1,0,0,0,0,1,3,9,6,2,0,0,0,0,1,0,0,2,8,5
"241",279,"6","k__Bacteria;p__Actinobacteria;c__Actinobacteria;o__Actinomycetales;Luna1;Luna1-A;unclassified","8c16c43f0db8855e7bf3481b9d33c79b",8,17,8,3,2,2,3,0,1,0,4,7,7,5,0,0,0,0,0,1,0,2,4,7,0,0,0,0,0,3,8,3,1,0,0,0,7,0,0,0,0,3,0,2,5,7,4,2,0,2,3,30,19,0,2,0,23,1,20,0,0,0,0,0,8,2,0,2,0,2,2,1,0,0,1,0,0,3,8,4,0,0,0,0,0,0,1,1,2,10,6
"242",446,"6","k__Bacteria;p__Actinobacteria;c__Actinobacteria;o__Actinomycetales;Luna1;Luna1-A;unclassified","25adad9a79b9d25198be3f085973617a",7,32,25,14,10,2,0,0,1,0,4,17,6,13,6,1,0,0,1,4,2,6,8,5,0,1,0,0,1,9,9,2,3,1,0,1,12,8,1,0,2,7,1,1,16,7,3,1,1,0,5,42,33,0,0,1,29,2,20,1,0,0,0,1,11,0,0,0,1,3,3,0,1,0,2,0,4,4,6,9,5,1,0,0,0,0,1,4,1,3,2
"243",104,"-1","k__Bacteria;p__Actinobacteria;c__Actinobacteria;o__Actinomycetales;f__Microbacteriaceae;g__CandidatusRhodoluna;unclassified","e30dcd0e3ef2adf1d592f026205af157",0,5,1,1,9,0,0,0,0,0,1,1,0,2,7,0,0,0,0,0,1,1,12,1,0,0,0,0,0,2,6,2,0,0,0,3,3,3,0,0,0,0,0,0,1,4,2,0,0,0,5,0,1,0,0,0,6,0,0,0,0,0,0,1,4,0,0,0,0,1,0,0,0,0,0,0,0,1,11,0,1,0,0,0,0,0,1,1,0,2,1
"244",1773,"178","k__Bacteria;p__Actinobacteria;c__Actinobacteria;o__Actinomycetales;unclassified;unclassified;unclassified","2ecd44acc879d29307de4b2bd55d704b",11,21,70,33,25,9,0,0,6,0,12,48,13,28,17,4,0,0,1,11,19,38,58,58,3,1,3,8,3,33,43,12,10,3,5,10,81,21,4,3,3,13,13,20,99,39,15,10,2,10,34,36,23,1,0,5,126,1,44,0,0,0,1,4,21,10,0,1,3,22,36,2,0,0,13,3,13,9,116,38,23,0,0,1,1,5,11,38,6,78,99
"245",345,"6","k__Bacteria;p__Actinobacteria;c__Actinobacteria;o__Actinomycetales;Luna1;Luna1-A;unclassified","d23b10137da5a3a0ca94b1b7f98b1192",6,21,15,6,5,1,0,0,1,0,5,8,4,4,3,0,0,0,0,3,1,4,8,4,0,0,0,2,1,4,6,2,1,0,1,0,7,7,1,0,2,4,4,2,14,11,2,3,13,0,8,33,26,2,0,2,20,2,11,0,0,0,0,0,4,1,0,0,0,7,3,0,0,0,1,0,0,8,1,9,2,0,0,0,0,0,1,4,2,9,3
"246",1809,"6","k__Bacteria;p__Actinobacteria;c__Actinobacteria;o__Actinomycetales;Luna1;Luna1-A;unclassified","04969070e82363008b128d7cfb5cd8d7",37,114,60,23,25,17,0,0,5,3,25,71,24,33,11,2,0,1,0,4,6,29,29,22,1,1,2,3,2,33,41,12,7,2,1,6,52,22,1,0,4,8,9,4,41,71,10,8,8,2,16,146,123,2,2,9,164,12,74,4,1,0,1,3,35,5,0,1,4,16,38,0,0,1,4,2,12,13,43,52,7,0,0,0,0,4,8,21,6,57,31
"247",782,"6","k__Bacteria;p__Actinobacteria;c__Actinobacteria;o__Actinomycetales;Luna1;Luna1-A;unclassified","4a71e8dc4bfdeb1e77f188100a68a596",20,54,31,14,13,7,0,0,9,0,8,26,8,15,8,0,1,0,0,1,2,16,9,11,1,0,0,1,1,11,15,7,1,2,0,4,16,18,1,0,1,5,9,3,15,15,5,1,2,1,1,67,65,1,0,6,76,5,49,2,1,0,0,4,12,1,0,3,2,7,8,2,0,0,0,0,5,4,9,23,5,0,0,0,0,4,0,7,1,16,8
"248",168,"6","k__Bacteria;p__Actinobacteria;c__Actinobacteria;o__Actinomycetales;Luna1;Luna1-A;unclassified","7cb488d20f5fb21fc51abb5a83a54ce5",4,10,7,2,4,0,0,0,0,1,1,7,0,3,1,0,0,0,0,0,2,3,1,3,0,0,0,1,0,4,5,1,1,0,1,2,7,3,0,0,1,0,1,0,2,4,0,0,0,0,2,17,9,0,0,0,16,2,6,0,0,0,0,0,5,2,0,0,1,0,3,0,0,0,1,0,2,1,0,3,1,0,0,0,0,0,1,2,1,8,3
