"","SequenceID","Abundance","TaxonomicID","PhyloClusterNumber","0","30","57","83","124","155","195","223","258","308","363","403","432","446","474","516","560","586","601","715","763","783","812","838","869","897","923","949","980","1154","1181","1199","1240","1272","1309","1336","1526","1549","1605","1632","1660","1672","1794","1853","1897","1925","1966","1995","2014","2035","2064","2241","2277","2351","2368","2424","2613","2631","2658","2686","2714","2752","2767","2787","3004","3067","3123","3268","3332","3373","3390","3424","3451","3483","3512","3531","3607","3635","3688","3716","3744","3774","3807","3835","3864","3901","3915","3962","4002","4066","4095"
"1","e8297256e534f6e57e8b9e0d66f0ca2f",1860,"k__Bacteria;p__Cyanobacteria;c__Synechococcophycideae;o__Synechococcales;f__Synechococcaceae;g__Synechococcus;unclassified","710",6,0,0,0,0,18,26,0,0,0,0,0,0,3,1,255,5,1,1,0,0,0,0,0,41,41,6,0,0,0,0,0,0,4,2,2,0,0,0,14,4,0,0,3,0,0,17,11,5,2,0,0,0,32,10,0,0,0,0,1,30,39,38,0,0,15,228,0,0,0,0,20,215,3,1,2,0,0,0,0,4,144,571,22,4,2,0,0,0,10,1
"2","c92a2a241d1f6b929a4d7400ce3e2139",131,"k__Bacteria;p__Proteobacteria;c__Alphaproteobacteria;o__Rhizobiales;unclassified;unclassified;unclassified","945",0,0,0,0,0,23,13,10,0,0,0,0,0,0,0,18,0,0,0,0,0,0,0,0,4,1,0,0,0,0,0,0,0,0,0,0,0,0,1,1,1,0,0,0,0,0,1,0,0,0,0,0,0,1,1,0,0,0,1,2,2,1,0,0,0,0,1,0,0,0,0,0,13,2,1,0,0,0,0,0,0,6,15,10,1,1,0,0,0,0,0
"3","a584dc11662750e65cefee954eafb667",137,"k__Bacteria;p__Bacteroidetes;c__[Saprospirae];o__[Saprospirales];bacI;bacI-A;unclassified","421",0,0,0,0,0,10,12,2,0,0,0,0,0,0,0,4,1,0,0,0,0,0,0,0,3,10,6,0,0,0,0,0,0,4,0,0,0,0,0,0,0,0,0,0,0,0,1,3,8,1,1,0,0,0,0,0,0,0,0,0,9,2,1,0,0,1,6,0,0,0,0,3,10,1,0,1,0,0,0,0,0,8,10,18,1,0,0,0,0,0,0
"4","73fa506b5015cb4dbb2a067ff40e3879",162,"k__Bacteria;p__Bacteroidetes;unclassified;unclassified;unclassified;unclassified;unclassified","1771",0,0,0,0,0,40,1,0,0,0,0,0,0,0,0,9,7,0,0,0,0,0,0,0,1,0,0,0,0,0,0,0,0,1,0,0,0,0,0,0,2,0,0,0,0,0,0,4,8,3,0,0,0,0,0,0,0,0,0,0,0,0,0,0,0,1,14,0,0,0,0,0,26,0,0,0,0,0,0,0,0,3,38,4,0,0,0,0,0,0,0
"5","1bd97ce92224d510283b3d551ac54173",134,"k__Bacteria;p__Bacteroidetes;c__[Saprospirae];o__[Saprospirales];f__Chitinophagaceae;unclassified;unclassified","1771",0,0,0,0,0,31,0,0,0,0,0,0,0,0,0,23,1,0,0,0,0,0,0,0,0,2,0,0,0,0,0,0,0,1,0,0,0,0,0,1,0,0,1,0,0,0,0,4,1,3,0,0,0,0,0,0,0,0,0,0,0,0,0,0,0,3,7,0,0,0,0,1,19,3,0,0,0,0,0,0,0,6,26,1,0,0,0,0,0,0,0
"6","b56c7013f53a193eabb382ba92956f06",165,"k__Bacteria;p__Bacteroidetes;c__Flavobacteriia;o__Flavobacteriales;unclassified;unclassified;unclassified","690",0,0,0,0,0,0,0,0,0,0,0,0,0,0,0,0,0,0,0,0,0,0,0,0,0,0,0,0,0,0,0,0,0,3,1,0,0,0,0,0,0,0,0,0,0,0,0,0,0,0,0,0,0,0,0,0,0,0,0,0,0,0,0,0,0,0,0,0,0,0,0,0,0,0,0,0,0,0,0,0,0,0,150,7,4,0,0,0,0,0,0
"7","eeb56f09702ddb0cf3ad13df31216c2d",2079,"k__Bacteria;p__Cyanobacteria;c__Synechococcophycideae;o__Synechococcales;f__Synechococcaceae;g__Synechococcus;unclassified","546",0,0,0,0,0,0,0,0,0,0,0,0,0,0,0,0,0,0,0,0,0,0,0,0,0,0,0,0,0,0,0,0,1,6,10,0,0,0,0,0,9,13,0,0,0,0,0,0,1,2,0,0,0,0,1,0,1,0,0,0,0,1,9,7,0,0,4,0,0,0,1,0,31,12,1,0,0,0,0,0,1,249,1715,2,0,0,0,2,0,0,0
"8","9d8fedb7de11a1d82e2cf18d284bb9e8",163,"k__Bacteria;p__Acidobacteria;c__Solibacteres;o__Solibacterales;f__[Bryobacteraceae];g__Bryobacter;unclassified","14",0,0,0,0,0,1,1,0,0,0,0,0,0,0,0,0,0,0,0,1,0,0,0,0,3,5,1,1,0,0,0,0,0,2,0,0,0,0,10,1,0,1,0,0,0,0,10,4,4,1,2,0,0,0,0,0,0,0,0,0,0,6,8,10,0,0,9,0,0,0,0,8,40,2,0,0,0,0,0,0,0,3,22,0,3,3,1,0,0,0,0
"9","6e0ab27cbc809ecc4a2ccecf0608ea08",212,"k__Bacteria;p__Planctomycetes;c__Phycisphaerae;o__Phycisphaerales;unclassified;unclassified;unclassified","1535",0,0,0,0,0,0,0,0,0,0,0,0,0,0,0,2,16,0,0,0,0,0,0,0,3,0,1,0,0,0,0,0,0,1,0,0,0,0,0,0,0,0,0,0,0,0,1,2,1,0,0,0,0,0,0,0,0,0,0,0,0,10,3,0,0,1,9,0,0,0,0,0,26,2,0,0,0,0,0,0,0,0,105,22,7,0,0,0,0,0,0
"10","19984727e53c7a26b5c8d6e541af52b2",183,"k__Bacteria;p__Bacteroidetes;c__[Saprospirae];o__[Saprospirales];bacI;bacI-A;unclassified","421",0,0,0,0,0,10,12,5,0,0,0,0,0,0,0,10,1,0,1,0,0,0,0,0,0,14,3,1,0,0,0,0,1,5,0,0,0,0,0,1,0,0,0,0,0,0,2,6,10,5,0,0,0,0,0,0,0,0,0,2,2,1,3,0,0,1,12,0,0,0,0,5,26,4,0,0,0,0,0,0,1,8,12,18,0,0,1,0,0,0,0
"11","127387bd8cc856ee130ce31b47b77d94",117,"k__Bacteria;p__Cyanobacteria;c__Synechococcophycideae;o__Synechococcales;f__Synechococcaceae;g__Synechococcus;unclassified","1286",0,0,0,0,0,3,2,0,0,0,0,0,0,0,0,9,1,0,1,0,0,0,0,0,4,6,7,1,0,0,0,0,0,3,0,0,0,0,0,2,0,0,0,0,0,0,0,0,0,0,0,0,0,0,1,0,0,0,2,3,3,2,0,0,0,0,6,0,0,1,0,3,12,1,0,0,0,0,0,0,0,8,23,8,2,0,0,0,0,3,0
"12","8f699d78ac3ecaf43a8009f293ff1b91",146,"k__Bacteria;p__Bacteroidetes;c__[Saprospirae];o__[Saprospirales];bacI;bacI-A;unclassified","421",0,0,0,0,0,12,10,5,0,0,0,0,0,0,0,5,0,0,0,0,0,0,0,0,0,13,5,0,0,1,0,0,0,4,0,1,0,0,0,1,1,1,0,0,0,0,0,2,9,2,0,0,0,0,0,0,0,0,0,0,11,1,1,0,0,1,7,0,0,0,0,4,16,1,0,0,0,0,0,0,0,3,12,15,0,0,0,0,0,1,1
"13","aa20301cca8742346c8cf49b1fb69a6f",1033,"k__Bacteria;p__Bacteroidetes;c__[Saprospirae];o__[Saprospirales];bacI;bacI-A;unclassified","421",0,1,0,1,1,61,50,9,3,0,0,0,0,1,0,29,11,3,1,0,0,0,0,1,8,82,33,5,1,0,0,1,0,48,2,0,0,0,0,1,3,3,0,0,0,1,5,31,58,15,4,0,0,1,0,0,0,0,0,1,48,8,6,1,0,9,41,0,0,1,1,25,123,32,1,1,0,0,0,0,1,57,76,100,21,3,0,0,0,2,1
"14","322a0c167122bad92fe18820ca2312c0",104,"k__Bacteria;unclassified;unclassified;unclassified;unclassified;unclassified;unclassified","818",0,0,0,0,0,0,0,0,0,0,0,0,0,0,0,0,0,0,0,0,0,0,0,0,0,1,1,0,0,0,0,0,0,15,0,0,0,0,0,0,0,0,0,0,0,0,0,0,0,0,0,0,0,0,0,0,0,0,0,0,0,9,6,0,0,0,3,0,0,0,0,0,0,0,0,0,0,0,0,0,0,0,64,5,0,0,0,0,0,0,0
"15","9d0438c33456b8efb03fc507b18705d0",340,"k__Bacteria;p__Cyanobacteria;c__Synechococcophycideae;o__Synechococcales;f__Synechococcaceae;g__Synechococcus;unclassified","544",0,0,0,0,0,0,2,1,0,0,0,0,0,1,0,27,1,0,2,0,0,0,0,0,9,28,10,0,0,0,0,0,1,0,0,0,0,0,0,5,1,0,0,0,0,0,1,2,3,1,0,0,0,0,1,0,1,0,0,0,0,8,1,0,0,2,44,0,0,0,0,4,28,1,1,0,0,0,0,0,0,15,103,32,3,0,1,0,0,0,0
"16","8ca87cb7785fab7ee70453c75ac8496a",241,"k__Bacteria;p__Cyanobacteria;c__Synechococcophycideae;o__Synechococcales;f__Synechococcaceae;g__Synechococcus;unclassified","95",1,0,0,0,0,22,16,3,0,0,0,0,0,0,0,15,2,0,0,0,0,0,0,0,9,16,15,2,0,0,0,2,0,2,2,0,0,0,0,2,0,0,0,0,0,0,1,1,0,1,1,0,1,1,0,0,0,0,2,2,1,3,0,0,0,2,23,0,0,0,0,2,17,2,0,0,0,0,0,0,1,12,35,21,2,1,0,0,0,0,0
"17","67576f56498b3b0ca724e5cbf92df348",130,"k__Bacteria;p__Bacteroidetes;c__[Saprospirae];o__[Saprospirales];bacI;bacI-A;unclassified","421",0,0,0,0,0,7,7,0,1,0,0,0,0,0,0,3,2,0,0,0,0,0,0,0,1,10,9,1,0,0,1,0,1,2,0,0,0,0,0,0,1,1,0,0,0,1,1,8,11,4,0,0,0,0,0,0,0,0,1,0,8,1,0,0,0,0,7,0,0,0,0,3,11,0,0,0,0,0,0,0,0,4,8,9,5,0,0,0,0,0,1
"18","02d699d9c71898b9b6d010e0886d9603",146,"k__Bacteria;p__Bacteroidetes;unclassified;unclassified;unclassified;unclassified;unclassified","895",0,0,0,0,0,0,0,0,0,0,0,0,0,0,0,9,8,0,1,0,0,0,0,0,0,0,0,0,0,0,0,0,0,0,0,0,0,0,0,0,0,0,0,0,0,0,0,0,0,0,0,0,0,0,0,0,0,0,0,0,0,0,0,0,0,0,0,0,0,0,0,2,0,0,0,0,0,0,0,0,0,2,93,26,0,5,0,0,0,0,0
"19","ff47da9d8242c0dd4e1a50dfe497d86d",162,"k__Bacteria;p__Bacteroidetes;unclassified;unclassified;unclassified;unclassified;unclassified","1771",0,0,0,0,0,33,0,0,0,0,0,0,0,0,0,7,3,0,0,0,0,0,0,0,0,1,0,0,0,0,0,0,0,1,0,0,0,0,0,2,1,0,0,0,0,0,0,4,2,0,0,0,0,0,0,0,0,0,0,1,2,0,0,0,0,4,10,0,0,0,0,0,10,0,1,0,0,0,0,0,0,6,69,5,0,0,0,0,0,0,0
"20","16d660e031aa0ed359359264a082b027",718,"k__Bacteria;p__Cyanobacteria;unclassified;unclassified;unclassified;unclassified;unclassified","1544",0,0,0,0,0,27,12,0,0,0,0,0,0,0,0,58,11,0,0,0,0,0,0,0,2,1,1,0,0,0,0,0,1,7,0,0,0,0,2,4,0,0,0,0,0,0,5,0,0,0,0,0,0,7,0,0,0,0,0,4,6,1,13,0,0,4,64,0,0,0,0,7,169,1,0,0,0,0,0,0,0,45,213,44,2,0,0,0,0,6,1
"21","1f93bff0960f12af882e23b43d840fff",629,"k__Bacteria;p__Bacteroidetes;c__[Saprospirae];o__[Saprospirales];bacI;bacI-A;unclassified","1552",0,0,0,1,1,65,33,9,0,0,0,0,0,0,0,25,9,0,1,0,0,0,0,0,4,50,14,0,0,0,0,0,1,27,0,0,0,0,1,2,1,1,0,0,0,1,1,24,29,7,0,0,0,0,0,0,0,0,1,2,33,4,0,0,0,5,40,0,0,0,0,18,73,7,0,0,0,0,0,0,0,31,40,58,9,0,0,0,0,1,0
"22","035f0db608681a101980f0e376f257fa",109,"k__Bacteria;p__Bacteroidetes;c__[Saprospirae];o__[Saprospirales];bacI;bacI-A;unclassified","421",0,0,0,0,0,5,6,2,0,0,0,0,0,0,0,5,0,0,0,0,0,0,0,0,1,7,5,0,1,1,0,0,0,5,0,0,0,0,0,0,1,1,0,0,0,1,0,4,6,1,0,0,0,0,0,0,0,0,0,0,7,0,0,0,0,0,4,0,0,0,0,2,14,0,0,0,0,0,0,0,0,5,12,12,1,0,0,0,0,0,0
"23","c6e91e6988f98ac846f8a385d7b5f9e0",161,"k__Bacteria;p__Cyanobacteria;c__Synechococcophycideae;o__Synechococcales;f__Synechococcaceae;g__Synechococcus;unclassified","95",0,0,0,0,1,9,6,2,0,0,0,0,0,1,1,19,5,0,1,0,0,0,0,0,6,12,5,1,0,1,0,3,0,5,0,0,0,0,1,1,0,0,0,0,0,0,0,2,2,0,0,0,0,0,1,0,0,0,1,2,3,3,0,0,0,0,13,0,0,0,2,2,10,0,0,0,0,0,0,0,0,5,13,17,4,0,0,0,0,1,0
"24","6e5859f9eaa9a5e7ecd4efa164867376",205,"k__Bacteria;p__Proteobacteria;c__Betaproteobacteria;unclassified;unclassified;unclassified;unclassified","680",0,0,0,0,0,11,12,1,0,0,0,0,0,0,0,14,1,0,0,0,0,0,0,0,2,13,7,0,0,0,0,0,0,0,0,0,0,0,0,0,0,0,0,0,0,0,0,0,0,0,0,0,0,0,0,0,0,0,0,0,0,1,0,0,0,0,1,0,0,0,3,0,2,0,0,0,0,0,0,0,0,2,70,46,16,1,2,0,0,0,0
"25","1a16f539adcb061902dc0350e0966acb",450,"k__Bacteria;p__Bacteroidetes;c__[Saprospirae];o__[Saprospirales];bacI;bacI-A;unclassified","421",0,1,0,0,0,22,29,13,0,0,0,0,0,0,1,18,6,0,1,0,0,0,0,0,3,26,18,1,0,0,0,1,0,15,0,0,0,0,0,1,0,3,0,0,0,1,1,11,26,4,1,0,0,0,0,0,0,0,1,3,24,3,4,0,0,1,21,0,0,0,1,9,67,8,0,0,0,0,0,0,0,9,43,43,6,2,0,0,0,2,0
"26","a9e54b9a46968a44fe0b9138b18fc256",282,"k__Bacteria;p__Cyanobacteria;c__Synechococcophycideae;o__Synechococcales;f__Synechococcaceae;g__Synechococcus;unclassified","95",0,0,0,0,1,26,15,12,0,0,0,0,0,0,2,6,6,0,3,0,0,0,0,0,13,19,15,2,0,0,1,1,2,1,1,0,0,0,1,2,1,0,0,0,0,0,1,1,1,1,0,0,0,3,1,0,0,0,1,4,7,0,2,0,0,3,21,0,0,0,2,5,29,0,1,0,0,0,0,0,5,10,34,14,4,0,1,0,0,1,0
"27","d2f0a8f56c481dc7f9aec8981496514e",1861,"k__Bacteria;p__Acidobacteria;c__Solibacteres;o__Solibacterales;f__[Bryobacteraceae];g__Bryobacter;unclassified","14",0,0,0,0,1,14,6,0,0,0,0,0,1,0,0,8,11,0,0,0,0,0,0,0,38,47,31,1,0,0,3,1,7,33,7,8,0,2,117,11,5,26,0,0,0,0,104,49,52,18,25,0,0,0,0,0,0,0,0,1,0,51,44,46,0,8,94,0,0,0,0,70,488,26,5,1,0,2,0,0,2,51,290,12,17,20,6,0,0,1,0
"28","22e294237f2106d65a4271076a934728",181,"k__Bacteria;p__Bacteroidetes;c__[Saprospirae];o__[Saprospirales];bacI;bacI-A;unclassified","421",0,0,0,0,0,12,8,3,1,0,0,0,0,0,0,7,1,1,0,0,0,0,0,0,1,10,4,1,0,0,0,0,0,9,0,0,0,0,0,0,2,0,0,0,0,2,0,6,14,0,0,0,0,0,0,0,0,0,0,0,9,3,0,0,0,3,10,0,0,0,0,3,21,4,0,0,0,0,0,0,0,6,15,23,1,1,0,0,0,0,0
"29","57b71b0c000895d65a8b0f9f2c841568",122,"k__Bacteria;p__Bacteroidetes;c__[Saprospirae];o__[Saprospirales];bacI;bacI-A;unclassified","421",0,0,1,0,0,9,8,1,0,0,0,0,0,1,0,4,2,0,0,0,0,0,0,0,3,8,4,0,0,0,0,0,0,4,0,0,0,0,0,0,0,0,0,0,0,0,0,9,8,2,0,0,0,0,0,0,0,0,1,1,7,0,0,0,0,0,5,0,0,0,0,2,14,0,0,0,0,0,0,0,0,2,9,12,3,1,0,0,0,1,0
"30","bcbcb00b406ed0d739f0fb1199c5db93",101,"k__Bacteria;p__Bacteroidetes;c__Flavobacteriia;o__Flavobacteriales;unclassified;unclassified;unclassified","690",0,0,0,0,0,0,0,0,0,0,0,0,0,0,0,0,0,0,0,0,0,0,0,0,0,0,0,0,0,0,0,0,0,0,0,0,0,0,0,0,0,0,0,0,0,0,0,0,0,0,0,0,0,0,0,0,0,0,0,0,0,0,0,0,0,0,0,0,0,0,0,0,0,0,0,0,0,0,0,0,0,0,98,3,0,0,0,0,0,0,0
"31","dd4253576c1df79f65c399153064fc31",10799,"k__Bacteria;p__Cyanobacteria;c__Synechococcophycideae;o__Synechococcales;f__Synechococcaceae;g__Synechococcus;unclassified","804",1,0,0,0,2,501,135,62,3,0,0,0,0,0,4,868,83,13,7,0,0,1,0,3,328,373,152,7,2,1,2,6,30,141,2,2,0,1,85,241,216,44,0,0,2,0,197,170,124,112,32,1,0,83,82,1,0,0,4,84,79,150,277,17,0,59,910,1,0,0,0,195,1221,168,42,4,0,0,0,0,6,725,1043,1109,462,45,3,3,3,68,1
"32","f0c42cd2adc83222a59c123b2f9b35ea",121,"k__Bacteria;p__Bacteroidetes;c__Flavobacteriia;o__Flavobacteriales;f__Cryomorphaceae;unclassified;unclassified","690",0,0,0,0,0,0,0,0,0,0,0,0,0,0,0,0,0,0,0,0,0,0,0,0,0,0,0,0,0,0,0,0,0,6,4,0,0,0,0,0,0,0,0,0,0,0,0,0,0,0,0,0,0,0,0,0,0,0,0,0,0,0,0,0,0,0,0,0,0,0,0,0,0,0,0,0,0,0,0,0,0,0,108,3,0,0,0,0,0,0,0
"33","ef970d54d9828f5ea0748d5eaa8519e3",728,"k__Bacteria;p__Bacteroidetes;c__[Saprospirae];o__[Saprospirales];bacI;bacI-A;unclassified","421",0,0,0,0,0,36,38,15,2,0,0,0,0,0,1,26,16,4,0,0,0,0,0,0,3,46,33,1,0,0,0,0,0,22,2,1,0,0,0,3,2,1,0,0,0,1,2,21,33,8,5,0,0,0,0,0,0,0,2,1,29,4,7,0,1,1,39,1,0,0,1,23,103,15,0,0,0,0,0,0,2,30,60,69,17,0,0,0,0,0,1
"34","0bd3a8c2c930b7c06bffc4857f0f4e2e",162,"k__Bacteria;p__Bacteroidetes;c__Cytophagia;o__Cytophagales;f__Cytophagaceae;unclassified;unclassified","65",0,0,0,0,0,0,5,0,0,0,0,0,0,0,0,0,7,0,0,0,0,0,0,0,0,0,0,0,0,0,0,0,0,0,0,0,0,0,0,0,0,0,0,0,0,0,0,0,0,0,0,0,0,0,0,0,0,0,0,0,0,0,0,0,0,0,1,0,0,0,0,0,1,0,0,0,0,0,0,0,0,0,71,66,9,1,0,0,0,1,0
"35","1f9087685f6a70e6bdf91b9f5ed9f477",842,"k__Bacteria;p__Acidobacteria;c__Solibacteres;o__Solibacterales;f__[Bryobacteraceae];g__Bryobacter;unclassified","14",0,0,0,0,2,10,2,0,0,0,0,0,0,0,0,3,5,0,0,1,0,0,0,0,15,30,17,1,0,0,0,0,1,11,3,4,0,0,43,9,7,10,0,0,0,0,58,28,18,7,16,0,0,0,0,0,0,0,0,2,0,12,19,23,0,1,53,0,0,0,0,27,228,16,0,0,0,0,0,0,0,19,116,1,6,13,5,0,0,0,0
"36","fae54ac0a7e1b1348ed2c5fe1898c82b",249,"k__Bacteria;unclassified;unclassified;unclassified;unclassified;unclassified;unclassified","756",0,0,0,0,0,12,8,0,0,0,0,0,0,0,0,0,31,2,0,0,0,0,0,0,0,3,4,0,0,0,0,0,0,1,0,0,0,0,1,0,0,0,0,0,0,0,0,0,0,0,0,0,0,0,0,0,0,0,0,0,0,0,10,0,0,0,16,0,0,0,0,0,0,1,0,0,0,0,0,0,0,0,78,64,18,0,0,0,0,0,0
"37","7841ffcf1704fb1dfe1393507f2478a7",171,"k__Bacteria;p__Bacteroidetes;c__Cytophagia;o__Cytophagales;f__Cytophagaceae;unclassified;unclassified","65",0,0,0,0,0,0,7,0,0,0,0,0,0,0,0,2,2,0,0,0,0,0,0,0,0,0,0,0,0,0,0,0,0,0,0,0,0,0,0,0,0,0,0,0,0,0,0,0,0,0,0,0,0,0,0,0,0,0,0,0,0,0,0,0,0,0,0,0,0,0,0,0,2,0,0,0,0,0,0,0,0,0,76,68,8,5,0,1,0,0,0
"38","65db4d9136f97341caad9a2a1ae719d7",9054,"k__Bacteria;p__Cyanobacteria;c__Synechococcophycideae;o__Synechococcales;f__Synechococcaceae;g__Synechococcus;unclassified","544",0,7,0,1,0,16,86,10,0,0,0,0,0,8,0,821,106,5,32,0,0,0,0,0,171,658,222,8,2,7,0,0,8,123,9,1,0,0,26,224,65,2,0,0,0,0,27,20,19,104,0,0,0,0,11,0,0,0,0,3,0,273,87,0,0,18,1329,0,0,0,2,59,751,25,2,0,0,0,0,0,0,245,2425,922,86,6,6,0,0,16,0
"39","3b081673585ba9375ad062395ee3d418",357,"k__Bacteria;p__Proteobacteria;unclassified;unclassified;unclassified;unclassified;unclassified","1234",0,0,0,0,0,0,0,0,0,0,0,0,0,0,0,0,27,0,0,0,0,0,0,0,0,17,4,0,0,0,0,0,0,0,0,0,0,0,0,1,1,3,0,0,0,0,0,0,0,0,0,0,0,0,0,0,0,0,0,0,0,0,0,0,0,0,0,0,0,0,0,0,0,0,0,0,0,0,1,0,0,0,263,36,4,0,0,0,0,0,0
"40","d86039d4635267d58a036334ad7fd3d5",458,"k__Bacteria;p__Bacteroidetes;unclassified;unclassified;unclassified;unclassified;unclassified","1771",0,0,0,0,0,87,1,0,0,0,0,0,0,0,0,32,3,0,0,0,0,0,0,0,2,2,0,0,0,0,0,0,0,4,0,0,0,0,0,4,6,0,0,0,0,0,0,14,32,6,0,0,0,0,0,0,0,0,0,0,5,0,0,0,0,8,38,0,0,0,0,0,62,1,0,0,0,0,0,0,0,11,123,16,0,0,0,0,0,1,0
"41","2b7a978142a22f431e180ecf4f54d329",130,"k__Bacteria;p__Bacteroidetes;c__[Saprospirae];o__[Saprospirales];bacI;bacI-A;unclassified","421",0,0,0,0,0,10,5,1,0,0,0,0,0,0,0,2,1,1,0,0,0,0,0,0,0,5,3,0,0,0,0,0,0,1,0,0,0,0,0,1,1,1,0,0,0,0,1,6,11,2,0,0,0,0,0,0,0,0,0,1,15,1,1,1,0,0,8,0,0,0,1,3,18,1,0,0,0,0,0,0,1,4,9,13,1,0,0,0,0,0,0
"42","a632a35b3cd15ab2dbdb2ce3c3fa4080",116,"k__Bacteria;p__Bacteroidetes;unclassified;unclassified;unclassified;unclassified;unclassified","1771",0,0,0,0,0,25,1,0,0,0,0,0,0,0,0,7,2,0,0,0,0,0,0,0,0,0,0,0,0,0,0,0,0,0,0,0,0,0,0,0,2,0,0,0,0,0,0,3,6,1,0,0,0,0,0,0,0,0,0,0,1,0,0,0,0,4,7,0,0,0,0,0,6,1,0,0,0,0,0,0,0,5,42,3,0,0,0,0,0,0,0
"43","ca39147d64a87e6f00ef02a006b5775c",827,"k__Bacteria;p__Bacteroidetes;unclassified;unclassified;unclassified;unclassified;unclassified","1771",0,0,0,0,0,205,3,0,0,0,0,0,0,0,0,72,12,0,1,0,0,0,0,0,2,8,1,1,0,0,0,0,1,9,0,0,0,0,0,6,16,0,0,0,0,0,1,17,34,5,1,0,0,1,0,0,0,0,0,4,5,2,0,0,0,17,65,0,0,0,0,0,91,8,0,0,0,0,0,0,0,15,192,27,0,4,0,0,0,1,0
"44","90d9bbebf9b23daa76c9a7068df74ee0",147,"k__Bacteria;p__Bacteroidetes;c__Cytophagia;o__Cytophagales;f__Cytophagaceae;unclassified;unclassified","1383",2,0,0,0,0,2,1,0,0,0,0,0,1,0,0,2,4,0,5,0,0,0,0,0,0,1,2,0,2,0,0,4,0,1,1,0,0,0,4,0,0,0,0,0,0,0,0,0,1,0,0,0,0,0,0,0,0,0,5,0,0,0,3,0,0,0,5,0,0,0,0,1,7,0,1,1,0,0,0,0,0,7,58,13,4,3,0,2,0,4,0
"45","40afddc28992ec7669bc40555b7b6b06",364,"k__Bacteria;unclassified;unclassified;unclassified;unclassified;unclassified;unclassified","519",0,0,0,0,0,0,0,0,0,0,0,0,0,0,0,0,0,0,0,0,0,0,0,0,0,0,0,0,0,0,0,0,0,0,0,0,0,0,0,0,0,0,0,0,0,0,0,0,0,0,0,0,0,0,0,0,0,0,0,0,0,34,13,0,0,0,0,0,0,0,0,0,43,0,0,0,0,0,0,0,0,0,274,0,0,0,0,0,0,0,0
"46","204be2abf14c1f82e923f3ef210c221d",1668,"k__Bacteria;p__Bacteroidetes;c__[Saprospirae];o__[Saprospirales];bacI;bacI-A;unclassified","421",0,0,0,0,2,105,94,43,3,0,0,0,0,1,0,60,22,4,1,0,0,1,0,0,13,95,63,6,2,0,1,2,1,62,2,0,0,0,0,5,3,4,0,0,0,4,0,36,89,17,5,0,0,1,0,0,0,0,2,2,74,12,9,1,0,6,94,0,0,0,1,29,213,36,0,0,0,0,1,1,1,98,112,158,55,2,3,3,0,5,3
"47","3c23f89a2bf810bcd79e529b26e5afdb",1243,"k__Bacteria;p__Proteobacteria;c__Deltaproteobacteria;o__FAC87;unclassified;unclassified;unclassified","998",0,0,0,0,0,0,0,0,0,0,0,0,0,0,0,0,0,0,0,0,0,0,0,0,2,0,0,0,0,0,0,0,0,36,0,0,0,0,0,1,0,0,0,0,0,0,0,0,5,4,0,0,0,12,0,0,0,0,0,0,67,0,0,0,0,0,4,0,0,0,0,0,0,0,0,0,0,0,0,0,0,0,1108,3,0,0,0,1,0,0,0
"48","6d92aa9706539d5fd9c8d60dbee35d87",113,"k__Bacteria;p__Bacteroidetes;c__[Saprospirae];o__[Saprospirales];bacI;bacI-A;unclassified","421",0,0,0,0,0,12,12,5,0,0,0,0,0,0,0,6,2,0,0,0,0,0,0,0,0,9,4,0,0,0,0,0,0,4,0,0,0,0,0,0,0,1,0,0,0,0,0,2,2,0,1,0,0,0,0,0,0,0,0,1,8,1,0,0,0,1,5,0,0,0,0,1,11,1,0,0,0,0,0,0,0,1,8,14,0,1,0,0,0,0,0
"49","e49d74dd0fbdbad1c29f9734e549343e",3354,"k__Bacteria;p__Bacteroidetes;c__[Saprospirae];o__[Saprospirales];bacI;bacI-A;unclassified","421",0,0,2,1,3,208,196,46,6,0,1,0,0,3,0,130,48,7,1,0,0,0,0,0,18,223,154,5,0,2,1,3,1,136,10,1,0,0,4,12,9,8,0,0,0,4,8,91,157,43,10,0,0,1,1,0,0,0,9,9,155,23,30,0,1,17,163,0,0,1,3,75,407,61,0,0,0,0,0,0,1,168,286,301,74,4,3,1,1,5,2
"50","2d07dc8c23907764ca5b80f958a27ef1",324,"k__Bacteria;p__Cyanobacteria;c__Synechococcophycideae;o__Synechococcales;f__Synechococcaceae;g__Synechococcus;unclassified","95",0,0,0,0,1,27,15,2,0,0,0,0,0,0,1,19,3,0,0,0,0,0,0,0,8,29,23,2,1,0,0,2,0,7,1,0,0,0,2,0,1,0,0,0,0,0,1,1,1,4,1,0,1,1,1,0,0,0,2,4,6,5,1,0,0,0,20,0,0,0,0,2,27,2,0,0,0,0,0,0,1,13,49,30,2,0,1,0,1,3,0
"51","de4adbd22cfd93eb0f78cc5b8c5b0581",197,"k__Bacteria;p__Bacteroidetes;unclassified;unclassified;unclassified;unclassified;unclassified","1771",0,0,0,0,0,35,1,0,0,0,0,0,0,0,0,11,1,0,0,0,0,0,0,0,0,1,0,0,0,0,0,0,0,1,0,0,0,0,0,0,4,0,0,0,0,0,0,5,7,3,0,0,0,0,0,0,0,0,0,0,3,1,0,0,0,1,17,0,0,0,0,0,15,1,0,0,0,0,0,0,0,9,78,3,0,0,0,0,0,0,0
"52","359fc19510e37b908eeb338f1cac2103",241,"k__Bacteria;p__Bacteroidetes;c__[Saprospirae];o__[Saprospirales];bacI;bacI-A;unclassified","421",0,0,0,0,0,12,22,4,0,0,0,0,0,1,0,6,2,2,1,0,0,0,0,0,1,16,10,0,0,0,0,0,0,13,0,0,0,0,1,1,0,0,0,0,0,0,1,8,21,4,2,0,0,0,0,0,0,0,1,1,8,4,0,0,0,1,16,0,0,0,0,2,20,3,0,0,0,0,0,0,1,9,15,28,1,1,0,0,0,2,0
"53","e8eeac3bf1b84654d22328396ee7f479",141,"k__Bacteria;p__Cyanobacteria;c__Synechococcophycideae;o__Synechococcales;f__Synechococcaceae;g__Synechococcus;unclassified","95",0,0,0,0,0,2,1,0,0,0,0,0,0,0,0,9,6,0,1,0,0,0,0,0,5,13,8,0,1,0,0,0,0,3,0,0,0,0,0,2,0,0,0,0,0,0,0,0,0,0,0,0,0,2,2,0,0,0,3,3,6,1,2,0,0,0,3,0,0,0,1,1,13,1,0,0,0,0,0,0,1,10,18,21,1,1,0,0,0,0,0
"54","b5437a58ebd8ce31b6e3327b23be80ef",490,"k__Bacteria;p__Cyanobacteria;c__Synechococcophycideae;o__Synechococcales;f__Synechococcaceae;unclassified;unclassified","1544",0,0,0,0,0,0,2,0,0,0,0,0,0,0,0,100,0,0,0,0,0,0,0,0,3,2,4,0,0,0,0,0,1,3,0,0,0,0,0,3,1,0,0,0,0,0,1,1,0,2,0,0,0,0,0,0,0,0,3,9,1,5,3,0,0,0,59,0,0,0,0,2,59,0,8,0,0,0,0,0,0,13,162,41,2,0,0,0,0,0,0
"55","48a3ff65e64180e559a1f69a91be6ab7",253,"k__Bacteria;p__Bacteroidetes;c__[Saprospirae];o__[Saprospirales];unclassified;unclassified;unclassified","1771",0,0,0,0,0,51,0,0,0,0,0,0,0,0,0,24,5,0,1,0,0,0,0,0,0,3,1,0,0,0,0,0,1,2,0,0,0,0,0,1,3,0,0,0,0,0,0,5,12,0,0,0,0,0,0,0,0,0,0,1,5,0,1,0,0,7,19,0,0,0,0,0,38,3,0,0,0,0,0,0,0,4,58,8,0,0,0,0,0,0,0
"56","99dd690c5ff8dfa1434e72829527d2fc",276,"k__Bacteria;p__Proteobacteria;c__Deltaproteobacteria;o__FAC87;unclassified;unclassified;unclassified","998",0,0,0,0,0,0,0,0,0,0,0,0,0,0,0,0,0,0,0,0,0,0,0,0,0,0,0,0,0,0,0,0,0,4,0,0,0,0,0,0,0,0,0,0,0,0,0,0,1,1,0,0,0,1,0,0,0,0,0,0,11,0,0,0,0,0,0,0,0,0,0,0,0,0,0,0,0,0,0,0,0,0,256,0,0,0,0,0,0,2,0
"57","b348482c2d2d94b3afd953ffe398460a",1047,"k__Bacteria;p__Bacteroidetes;c__[Saprospirae];o__[Saprospirales];f__Chitinophagaceae;g__Sediminibacterium;unclassified","1552",0,0,0,0,3,36,44,36,3,0,1,0,0,1,0,49,12,3,0,0,0,0,0,0,6,67,58,4,0,1,0,0,0,67,4,0,0,1,3,9,5,2,0,1,0,1,5,51,42,24,5,0,0,0,0,0,0,0,1,2,22,7,2,1,0,5,33,0,0,0,2,27,108,23,0,0,0,0,0,0,2,61,101,79,17,5,4,0,0,1,0
"58","41548e45273ccc9d38ad477d6c144699",912,"k__Bacteria;p__Bacteroidetes;unclassified;unclassified;unclassified;unclassified;unclassified","971",0,0,0,0,0,0,0,0,0,0,0,0,0,0,0,0,0,0,0,0,0,0,0,0,0,1,1,0,0,0,0,0,0,0,0,0,0,0,4,0,0,0,0,0,0,0,4,2,1,0,0,0,0,0,0,0,0,0,0,1,0,0,0,0,0,0,0,0,0,0,0,2,2,0,0,0,0,0,0,0,0,0,890,4,0,0,0,0,0,0,0
"59","25ab2438493d920c92f6c61e8c4e6590",683,"k__Bacteria;p__Bacteroidetes;c__[Saprospirae];o__[Saprospirales];bacI;bacI-A;unclassified","421",0,0,0,0,2,39,40,17,3,0,0,0,0,1,0,27,6,2,1,0,0,0,0,0,2,50,30,4,0,0,0,0,0,33,1,0,0,1,0,3,6,2,0,0,0,1,3,18,37,7,1,0,0,1,0,0,1,0,1,1,32,2,7,1,1,2,32,0,0,0,1,20,77,17,0,0,0,0,0,0,1,29,46,61,4,3,1,0,1,2,2
"60","c1397dfab24157e8a2730752af2303c7",716,"k__Bacteria;p__Bacteroidetes;c__[Saprospirae];o__[Saprospirales];bacI;bacI-A;unclassified","421",0,0,0,0,0,38,44,10,1,0,0,0,0,1,0,15,7,1,0,0,0,0,0,0,3,72,27,1,0,0,1,0,1,30,2,0,0,0,0,1,4,2,0,0,0,2,3,20,42,10,3,0,0,0,0,0,0,0,1,2,32,4,0,0,0,2,31,0,0,0,0,14,93,19,0,0,0,0,0,0,2,40,52,58,18,5,0,0,0,1,1
"61","2ebe52b7ef163431953a3ca8c65c6b5e",211,"k__Bacteria;p__Acidobacteria;c__Solibacteres;o__Solibacterales;f__[Bryobacteraceae];g__Bryobacter;unclassified","14",0,0,0,1,0,1,1,0,0,0,0,0,0,0,0,0,0,0,0,0,0,0,0,0,3,5,3,0,0,0,0,0,0,4,1,0,0,0,7,3,1,5,0,0,0,0,11,5,6,0,5,0,0,0,0,0,0,0,0,0,0,3,8,7,0,0,12,0,0,0,1,9,57,2,0,0,0,1,0,0,0,1,40,3,2,1,1,0,0,1,0
"62","7a1f2aafa41428f3822ea5296e619223",154,"k__Bacteria;p__Bacteroidetes;c__[Saprospirae];o__[Saprospirales];bacI;bacI-A;unclassified","421",0,0,0,0,0,8,13,4,1,0,0,0,0,0,0,9,3,1,0,0,0,0,0,0,0,6,5,0,0,0,0,0,0,6,0,0,0,0,0,0,0,2,0,0,0,0,0,2,7,4,1,0,0,0,0,0,0,0,3,1,7,2,0,0,0,0,8,0,0,0,0,3,16,3,0,0,0,0,0,0,0,10,14,14,0,0,1,0,0,0,0
"63","1adde579d6b1bf35fce31c9c005fa210",292,"k__Bacteria;p__Bacteroidetes;unclassified;unclassified;unclassified;unclassified;unclassified","1771",0,0,0,0,0,73,0,0,0,0,0,0,0,0,0,28,3,0,0,0,0,0,0,0,1,2,0,0,0,0,0,0,1,8,0,0,0,0,0,2,6,0,0,0,0,0,0,7,13,3,0,0,0,1,0,0,0,0,0,2,4,0,0,0,0,6,29,0,0,0,0,0,20,1,1,0,0,0,0,1,0,7,64,8,0,0,0,0,0,1,0
"64","eab0ffe945586d173c65ce5962ef637b",520,"k__Bacteria;p__Cyanobacteria;c__Synechococcophycideae;o__Synechococcales;f__Synechococcaceae;g__Synechococcus;unclassified","710",0,0,0,0,0,33,19,12,0,0,0,0,0,0,0,42,7,0,2,0,0,0,0,0,19,33,20,1,1,0,1,1,0,7,0,0,0,0,3,4,1,0,0,0,0,0,2,5,3,2,1,0,1,5,5,2,0,0,3,7,9,10,3,0,0,1,42,0,0,0,0,7,51,6,1,2,0,0,0,0,5,25,68,36,8,0,0,0,0,4,0
"65","55800c4cba29fdf76d217871dba17898",88097,"k__Bacteria;p__Bacteroidetes;c__[Saprospirae];o__[Saprospirales];bacI;bacI-A;unclassified","421",0,1,11,31,60,5135,4766,1622,153,1,5,9,2,62,33,3188,949,137,92,1,0,0,4,13,514,6976,3350,262,52,33,14,44,52,3448,136,18,3,21,99,328,316,214,2,2,2,169,297,2565,4841,1204,263,0,0,40,5,0,0,0,156,183,4033,687,602,55,22,400,4188,0,1,7,74,1947,10156,1599,23,24,0,1,4,3,57,4606,6784,8759,1529,255,107,38,9,148,95
"66","52b89ae3254245119460550d563bac6b",164,"k__Bacteria;p__Bacteroidetes;unclassified;unclassified;unclassified;unclassified;unclassified","1771",0,0,0,0,0,36,0,0,0,0,1,0,0,0,0,11,4,0,0,0,0,0,0,0,1,0,2,0,0,0,0,0,0,0,0,0,0,0,0,3,2,0,0,0,0,0,0,1,8,3,0,0,0,0,0,0,0,0,0,0,4,0,0,0,0,2,13,0,0,0,0,0,14,0,0,0,0,0,0,0,0,5,48,6,0,0,0,0,0,0,0
"67","097f6100ed0984fc0f1a3b817b0796f7",111,"k__Bacteria;p__Bacteroidetes;c__[Saprospirae];o__[Saprospirales];bacI;bacI-A;unclassified","421",0,0,0,0,0,5,7,1,0,0,0,0,0,0,0,2,1,0,0,0,0,0,0,0,4,6,6,0,0,0,0,0,0,5,0,0,0,0,1,0,0,2,0,0,0,0,1,2,6,2,0,0,0,0,0,0,0,0,0,0,5,0,0,0,0,1,7,0,0,0,1,2,14,0,0,0,0,0,0,0,0,6,9,12,2,0,0,0,0,0,1
"68","7c9b8570bda91f3f3b701f4e044d1de3",449,"k__Bacteria;p__Bacteroidetes;c__[Saprospirae];o__[Saprospirales];f__Chitinophagaceae;unclassified;unclassified","1771",0,0,0,0,0,92,0,0,0,0,0,0,0,0,0,30,7,0,0,0,0,0,0,0,1,2,0,0,0,0,0,0,0,4,0,0,0,0,0,5,7,1,0,0,0,0,0,8,21,3,0,0,0,0,0,0,0,0,0,0,7,0,0,0,0,7,41,0,0,0,0,0,45,1,1,0,0,0,0,0,0,6,143,17,0,0,0,0,0,0,0
"69","a888489404b4ee88df9439c4ea604619",124,"k__Bacteria;p__Bacteroidetes;unclassified;unclassified;unclassified;unclassified;unclassified","1771",0,0,0,0,0,26,0,0,0,0,0,0,0,0,0,6,4,0,0,0,0,0,0,0,0,1,0,0,0,0,0,0,0,1,0,0,0,0,0,1,1,0,0,0,0,0,1,4,3,1,0,0,0,0,0,0,0,0,0,0,1,0,0,0,0,1,7,0,0,0,0,0,12,0,0,0,0,0,0,0,0,5,45,2,1,1,0,0,0,0,0
"70","2251376e393f8a38e0895a4da6db9ece",142,"k__Bacteria;p__Proteobacteria;c__Alphaproteobacteria;unclassified;unclassified;unclassified;unclassified","802",0,0,0,0,0,18,15,0,0,0,0,0,0,0,1,22,2,0,0,0,0,0,0,1,1,4,1,0,0,0,0,0,0,0,0,1,0,0,2,1,1,0,0,0,0,0,2,0,0,0,0,0,0,1,0,0,0,0,2,1,3,1,0,0,0,1,4,0,0,0,1,1,20,2,0,0,0,0,1,0,0,7,15,7,0,0,0,0,1,1,1
"71","9671819cc7992c6cb72facf5aa6097a7",2398,"k__Bacteria;p__Bacteroidetes;c__[Saprospirae];o__[Saprospirales];f__Chitinophagaceae;unclassified;unclassified","1771",0,0,0,0,0,490,6,0,0,0,0,0,0,0,0,183,30,0,1,0,0,0,0,0,4,17,8,0,2,0,0,0,1,28,0,0,0,0,0,21,29,1,0,0,0,0,3,51,136,25,1,0,0,1,0,0,0,0,0,2,33,0,0,0,0,35,192,0,0,0,0,1,255,11,3,2,0,0,0,0,0,73,673,78,0,2,0,0,0,0,0
"72","ef499d962d4b54d0fc0d4b1b03668cc4",159,"k__Bacteria;p__Bacteroidetes;c__Cytophagia;o__Cytophagales;f__Cytophagaceae;unclassified;unclassified","65",0,0,0,0,0,0,7,0,0,0,0,0,0,0,0,1,3,0,0,0,0,0,0,0,0,0,0,0,0,0,0,0,0,0,0,0,0,0,0,0,0,0,0,0,0,0,0,0,0,0,0,0,0,0,0,0,0,0,0,0,0,0,0,0,0,0,2,0,0,0,0,0,0,0,0,0,0,0,0,0,0,0,73,70,1,0,2,0,0,0,0
"73","50a2171e84f820535d6c1c8e88fc812c",210,"k__Bacteria;unclassified;unclassified;unclassified;unclassified;unclassified;unclassified","1309",0,0,0,0,0,0,0,0,0,0,0,0,0,0,0,0,0,0,0,0,0,0,0,0,0,0,0,0,0,0,0,0,0,0,0,0,0,0,0,0,0,0,0,0,0,0,0,0,0,0,0,0,0,0,0,0,0,0,0,0,0,0,0,0,0,0,0,0,0,0,0,0,0,0,0,0,0,0,0,0,0,0,161,40,9,0,0,0,0,0,0
"74","8627ab6d6575d8b14f7cb261dd8f8823",117,"k__Bacteria;p__Bacteroidetes;c__Cytophagia;o__Cytophagales;unclassified;unclassified;unclassified","65",0,0,0,0,0,0,6,0,0,0,0,0,0,0,0,1,4,0,0,0,0,0,0,0,0,0,0,0,0,0,0,0,0,0,0,0,0,0,0,0,0,0,0,0,0,0,0,0,0,0,0,0,0,0,0,0,0,0,0,0,0,0,0,0,0,0,2,0,0,0,0,0,0,0,0,0,0,0,0,0,0,0,48,49,4,1,2,0,0,0,0
"75","0250d81595c9ce2d7c580017bd1fc630",519,"k__Bacteria;p__Bacteroidetes;c__[Saprospirae];o__[Saprospirales];bacI;bacI-A;unclassified","421",0,0,0,0,0,36,22,8,0,0,0,0,0,1,0,28,7,1,1,0,0,0,0,0,2,36,17,0,0,1,0,0,1,29,2,0,0,0,0,4,4,1,0,0,0,0,2,20,28,9,1,0,0,0,0,0,0,0,1,1,33,1,10,0,0,1,16,0,0,0,0,13,59,10,0,0,0,0,0,0,1,13,37,47,7,3,2,0,0,2,1
"76","8a29ed027b26818175227cfea8b954af",1211,"k__Bacteria;p__Planctomycetes;c__Phycisphaerae;o__Phycisphaerales;unclassified;unclassified;unclassified","1535",0,0,0,0,0,2,0,0,0,0,0,0,0,0,0,19,105,0,0,0,0,0,0,0,23,3,7,0,0,0,0,0,6,2,0,0,0,0,0,0,0,0,0,0,0,0,0,9,3,7,0,0,0,0,0,0,0,0,0,0,0,50,16,0,0,12,60,0,0,0,0,0,156,8,1,0,0,0,0,0,0,2,526,152,41,1,0,0,0,0,0
"77","7b70e35aacbc30056f70695f602b50d0",246,"k__Bacteria;p__Proteobacteria;c__Deltaproteobacteria;o__NB1-j;f__JTB38;unclassified;unclassified","10",0,0,0,0,0,0,6,0,0,0,0,0,0,0,0,1,15,0,0,0,0,0,0,0,0,9,35,0,1,0,0,0,0,0,0,0,0,0,0,2,0,1,0,0,0,0,0,0,3,0,0,0,0,0,0,0,0,0,0,0,0,0,3,0,0,0,2,0,0,0,0,2,3,9,0,1,0,0,0,0,0,2,94,40,8,3,0,3,0,3,0
"78","a59e5aa889c7356978620bceaa310aea",8635,"k__Bacteria;p__Bacteroidetes;unclassified;unclassified;unclassified;unclassified;unclassified","1771",0,0,0,1,2,1770,28,0,0,0,0,0,0,0,0,654,144,2,3,0,0,0,0,0,23,66,6,2,1,0,0,0,9,98,0,0,0,0,0,97,108,1,0,0,0,0,6,182,478,101,2,0,0,4,0,0,0,0,0,5,85,10,10,0,0,133,716,0,0,0,0,0,1091,63,7,1,0,0,0,0,0,204,2247,265,1,4,0,0,0,5,0
"79","3642a781da9eeddfe2cd5c5afd46edae",112,"k__Bacteria;p__Cyanobacteria;c__Synechococcophycideae;o__Synechococcales;f__Synechococcaceae;g__Synechococcus;unclassified","95",0,0,0,0,0,9,1,2,0,0,0,0,0,0,0,11,3,0,1,0,0,0,0,0,3,6,3,1,0,0,0,1,0,0,0,0,0,0,1,2,0,0,0,0,0,0,1,1,1,0,0,0,0,0,2,0,0,0,2,1,2,0,1,0,0,0,12,0,0,0,2,1,7,0,0,0,0,0,0,0,1,5,14,9,4,1,0,0,0,1,0
"80","bf892214670605b0cf5c42ddec6d0f86",178,"k__Bacteria;p__Bacteroidetes;c__Cytophagia;o__Cytophagales;f__Cytophagaceae;unclassified;unclassified","217",0,0,0,0,0,0,0,0,1,0,0,0,0,0,0,0,27,4,3,0,0,0,0,0,1,9,1,0,0,2,0,0,0,2,0,0,0,0,0,1,0,0,0,0,0,0,1,0,1,0,0,0,0,0,0,0,0,0,0,0,0,0,1,0,0,0,2,0,0,0,0,1,4,3,1,0,0,0,0,0,0,1,78,34,0,0,0,0,0,0,0
"81","0f116e312599b5e47375c511b4306522",146,"k__Bacteria;p__Bacteroidetes;c__[Saprospirae];o__[Saprospirales];bacI;bacI-A;unclassified","421",0,0,0,0,0,12,6,1,0,0,0,0,0,0,0,3,1,0,0,0,0,0,0,0,2,10,5,0,0,0,0,0,0,1,0,0,0,1,0,0,1,0,0,0,0,0,0,2,5,4,0,0,0,0,0,0,0,0,0,1,4,4,0,0,0,0,7,0,0,0,0,4,21,5,0,0,0,0,0,0,0,7,21,13,2,2,1,0,0,0,0
"82","315af983865c4e52cd3713191df6b0b5",120,"k__Bacteria;p__Bacteroidetes;c__[Saprospirae];o__[Saprospirales];bacI;bacI-A;unclassified","421",0,0,0,0,0,10,7,0,0,0,0,0,0,0,0,3,1,0,0,0,0,0,0,0,0,4,2,0,0,0,0,0,0,6,0,0,0,0,0,0,0,0,0,0,0,0,0,1,9,3,1,0,0,0,0,0,0,0,0,0,18,2,1,0,0,0,10,0,0,0,0,1,13,3,0,0,0,0,0,0,0,6,7,9,3,0,0,0,0,0,0
"83","f8089ed8ff6ea6f4b5094e17bb18ea47",1484,"k__Bacteria;p__Bacteroidetes;unclassified;unclassified;unclassified;unclassified;unclassified","1771",0,0,0,1,1,308,1,0,0,0,0,0,0,0,0,115,19,0,0,0,0,0,0,0,3,8,0,1,0,0,0,0,1,15,0,1,0,0,0,14,12,0,0,0,0,0,1,31,84,17,0,0,0,0,0,0,0,0,0,2,13,2,2,0,0,31,155,0,0,0,0,0,145,12,0,1,0,0,0,0,0,29,417,40,0,1,0,0,0,1,0
"84","9db88bb30066a22737314bcd7c2b8332",201,"k__Bacteria;p__Bacteroidetes;c__[Saprospirae];o__[Saprospirales];bacI;bacI-A;unclassified","421",0,0,0,0,0,13,14,2,0,0,0,0,0,0,0,5,1,0,0,0,0,0,0,0,1,14,3,1,0,0,0,0,0,6,0,0,0,0,0,5,2,0,0,0,0,0,2,11,9,5,0,0,0,0,0,0,0,0,1,1,8,1,2,0,0,0,8,0,0,0,0,7,24,3,0,0,0,0,0,0,0,5,18,20,8,1,0,0,0,0,0
"85","283401c2c437f871a5af78c4e0a71869",102,"k__Bacteria;p__Proteobacteria;c__Alphaproteobacteria;unclassified;unclassified;unclassified;unclassified","1491",0,0,0,0,0,0,24,0,0,0,0,0,0,0,0,2,9,0,0,0,0,0,0,0,0,3,11,0,0,0,0,0,0,0,0,0,0,0,0,0,0,0,0,0,0,1,0,1,0,1,0,0,0,0,0,0,0,0,2,0,0,0,2,0,0,0,0,0,0,0,0,0,1,3,1,0,0,0,0,0,0,1,34,5,0,1,0,0,0,0,0
"86","e8e9d692adb57de87d6685ef7bfb05a0",362,"k__Bacteria;p__Cyanobacteria;c__Synechococcophycideae;o__Synechococcales;f__Synechococcaceae;g__Synechococcus;unclassified","95",0,0,0,0,0,10,6,0,1,0,0,0,0,1,1,28,6,1,1,0,0,0,0,0,8,30,16,2,2,1,0,2,0,5,0,1,0,0,3,3,0,0,0,0,0,0,1,3,3,0,0,0,2,1,4,0,0,0,9,6,14,6,0,1,0,0,20,0,0,1,0,8,27,0,2,1,0,0,0,0,4,20,50,42,7,1,0,0,0,1,0
"87","bd2cc1a544edff3f26eab9eea065c2fd",115,"k__Bacteria;p__Proteobacteria;c__Alphaproteobacteria;o__Rhodobacterales;alfVI;unclassified;unclassified","1330",0,0,0,0,0,0,0,0,0,0,0,0,0,0,0,0,0,0,0,0,0,0,0,0,0,0,0,0,0,0,0,0,0,0,0,0,0,0,0,0,0,0,0,0,0,0,0,0,0,0,0,0,0,0,0,0,0,0,0,0,0,0,0,0,0,0,0,0,0,0,0,0,0,0,0,0,0,0,0,0,0,1,75,39,0,0,0,0,0,0,0
"88","ad0b8dc73dd75a2d545f1aaed2f97622",171,"k__Bacteria;p__Cyanobacteria;c__Synechococcophycideae;o__Synechococcales;f__Synechococcaceae;g__Synechococcus;unclassified","95",0,0,0,0,0,7,1,1,1,0,0,0,0,0,0,18,3,0,0,0,0,0,0,0,4,18,14,0,1,0,0,0,1,5,0,0,0,0,1,0,1,1,0,0,0,0,1,2,0,0,0,0,0,2,1,0,0,0,2,3,7,2,0,0,0,0,7,0,0,0,1,5,14,0,0,1,0,0,0,0,2,2,23,17,0,0,0,0,0,2,0
"89","909004e7b3b611b5473edbf43c45b7fd",146,"k__Bacteria;p__Bacteroidetes;unclassified;unclassified;unclassified;unclassified;unclassified","1771",0,0,0,0,0,27,1,0,0,0,0,0,0,0,0,8,2,0,0,0,0,0,0,0,0,3,0,0,0,0,0,0,0,3,0,0,0,0,0,2,0,0,0,0,0,0,0,5,8,1,0,0,0,0,0,0,0,0,0,0,1,0,0,0,0,2,6,0,0,0,0,0,14,0,0,0,0,0,0,0,0,5,53,5,0,0,0,0,0,0,0
"90","1192374240d7693cb6fe4c05d531bd92",264,"k__Bacteria;p__Acidobacteria;c__Solibacteres;o__Solibacterales;f__[Bryobacteraceae];g__Bryobacter;unclassified","14",0,0,0,0,0,2,1,0,0,0,0,0,0,0,0,0,0,0,0,0,0,0,0,0,5,6,6,0,0,0,0,0,1,2,0,1,0,0,15,1,2,6,0,0,0,0,9,12,6,3,5,0,0,0,0,0,0,0,0,0,0,7,11,4,0,2,15,0,0,0,0,11,77,5,0,0,0,0,0,0,0,4,38,1,4,1,0,0,0,1,0
"91","0668708954d721ed0b62fd165eda6480",32383,"k__Bacteria;p__Cyanobacteria;c__Synechococcophycideae;o__Synechococcales;f__Synechococcaceae;g__Synechococcus;unclassified","804",15,0,8,0,7,747,594,187,57,0,0,1,0,8,50,2233,543,26,115,3,0,0,0,15,1076,2578,1894,171,79,18,11,64,81,634,36,14,1,0,62,274,71,16,0,0,0,1,161,241,288,100,19,12,73,216,332,53,23,0,448,603,944,355,311,59,1,77,1665,7,0,20,62,436,2532,86,63,40,1,0,3,0,357,1392,4693,3973,516,159,33,2,7,322,8
"92","635dd0a1610c283ee89eb0a412dc07a4",122,"k__Bacteria;p__Bacteroidetes;unclassified;unclassified;unclassified;unclassified;unclassified","1771",0,0,0,0,0,40,0,0,0,0,0,0,0,0,0,11,2,0,0,0,0,0,0,0,0,1,0,0,0,0,0,0,0,2,0,0,0,0,0,0,2,0,0,0,0,0,0,4,3,0,0,0,0,0,0,0,0,0,0,0,1,0,0,0,0,2,8,0,0,0,0,0,13,0,0,0,0,0,0,0,0,2,25,6,0,0,0,0,0,0,0
"93","0e292e81d07b5edad71354e6ac59c458",297,"k__Bacteria;p__Bacteroidetes;unclassified;unclassified;unclassified;unclassified;unclassified","1771",0,0,0,0,1,56,1,0,0,0,0,0,0,0,0,20,11,0,0,0,0,0,0,0,0,4,0,0,0,0,0,0,1,2,0,0,0,0,0,1,5,0,0,0,0,0,0,9,11,4,0,0,0,0,0,0,0,0,0,2,1,1,0,0,0,6,22,0,0,0,0,0,42,3,0,0,0,0,0,0,0,6,79,8,0,1,0,0,0,0,0
"94","f8abd77978593028993be48b055a5621",415,"k__Bacteria;p__Proteobacteria;c__Deltaproteobacteria;o__Spirobacillales;unclassified;unclassified;unclassified","1397",0,0,0,0,0,0,0,0,0,0,0,0,0,0,0,0,0,0,0,0,0,0,0,0,0,0,0,0,0,0,0,0,0,0,0,0,0,0,0,0,0,0,0,0,0,0,0,0,0,0,0,0,0,0,0,0,0,0,0,0,0,0,0,0,0,0,0,0,0,0,0,0,0,0,0,0,0,0,0,0,0,0,321,93,0,1,0,0,0,0,0
"95","ce4b856910c6e32b4c17454845f87660",271,"k__Bacteria;p__Proteobacteria;c__Deltaproteobacteria;o__FAC87;unclassified;unclassified;unclassified","998",0,0,0,0,0,0,0,0,0,0,0,0,0,0,0,0,0,0,0,0,0,0,0,0,0,0,0,0,0,0,0,0,0,10,0,0,0,0,0,0,0,0,0,0,0,0,0,0,0,0,0,0,0,3,0,0,0,0,0,0,14,0,0,0,0,0,0,0,0,0,0,0,0,0,0,0,0,0,0,0,0,0,242,1,0,0,1,0,0,0,0
"96","ea4cdafe847f35ec383c3ff4d541fd2a",333,"k__Bacteria;p__Proteobacteria;unclassified;unclassified;unclassified;unclassified;unclassified","433",0,0,0,0,0,1,56,0,0,0,0,0,0,0,0,1,4,0,0,0,0,0,0,0,0,2,0,0,0,0,0,0,0,2,0,0,0,0,0,0,0,0,0,0,0,0,0,0,0,0,0,0,0,4,0,0,0,0,0,0,0,0,0,0,0,0,25,0,0,0,0,0,6,0,0,0,0,0,0,0,0,0,218,14,0,0,0,0,0,0,0
"97","b611a623bb7085ff7e73ae500212b90f",546,"k__Bacteria;p__Cyanobacteria;c__Synechococcophycideae;o__Synechococcales;f__Synechococcaceae;g__Synechococcus;unclassified","95",1,0,1,0,2,45,43,15,0,0,0,0,0,0,0,28,6,1,0,0,0,0,0,1,12,41,16,2,0,0,0,1,1,7,0,0,0,0,1,7,2,1,0,0,0,0,0,5,1,2,1,0,1,3,6,0,0,0,8,3,7,2,6,0,0,0,49,0,0,0,1,8,33,5,1,0,0,0,0,0,9,25,69,54,6,2,2,0,0,3,0
"98","2e501a71c1f2fbbdcb9c0fcb938f12b9",3716,"k__Bacteria;p__Bacteroidetes;c__Flavobacteriia;o__Flavobacteriales;unclassified;unclassified;unclassified","690",0,0,1,0,0,0,0,0,0,0,0,0,0,0,0,0,0,0,0,0,0,0,0,0,0,0,1,0,0,0,0,0,0,43,7,0,0,0,0,0,0,0,0,0,0,0,0,0,0,0,0,0,0,0,0,0,0,0,0,0,0,0,0,0,0,0,0,0,0,0,0,0,0,0,0,0,0,0,0,0,0,0,3409,163,86,1,1,0,0,4,0
"99","ff5356117bd177eb2710f0a1d3492cd6",189,"k__Bacteria;p__Bacteroidetes;unclassified;unclassified;unclassified;unclassified;unclassified","1771",0,0,0,0,0,36,0,0,0,0,0,0,0,0,0,13,3,0,0,0,0,0,0,0,0,0,0,0,0,0,0,0,0,2,0,0,0,0,0,5,1,0,0,0,0,0,0,3,9,4,0,0,0,0,0,0,0,0,0,0,1,0,0,0,0,3,25,0,0,0,0,0,26,1,0,0,0,0,0,0,0,5,47,4,0,1,0,0,0,0,0
"100","3750be2e987e0a7d8317c0544ac9999a",4711,"k__Bacteria;p__Proteobacteria;c__Alphaproteobacteria;unclassified;unclassified;unclassified;unclassified","1491",0,0,0,1,0,7,902,0,37,0,0,1,0,3,0,14,252,1,16,0,0,0,0,0,6,128,438,4,4,1,0,2,0,17,0,1,0,1,0,10,2,7,0,0,0,5,0,10,48,8,10,0,0,0,0,0,0,0,37,10,0,36,60,5,0,0,39,0,0,0,0,4,222,97,13,13,0,0,1,0,0,27,1792,346,32,12,8,1,0,20,0
"101","54f304c7b457b5e55526f0bc796d84f4",174,"k__Bacteria;p__Bacteroidetes;unclassified;unclassified;unclassified;unclassified;unclassified","1771",0,0,0,0,0,32,0,0,0,0,0,0,0,0,0,2,2,0,0,0,0,0,0,0,0,1,0,0,0,0,0,0,0,2,0,0,0,0,0,1,2,0,0,0,0,0,0,5,11,1,0,0,0,0,0,0,0,0,0,0,5,0,0,0,0,2,19,0,0,0,0,0,19,0,1,0,0,0,0,0,0,3,63,3,0,0,0,0,0,0,0
"102","e83748237b9931df63b599ae31b8f692",143,"k__Bacteria;unclassified;unclassified;unclassified;unclassified;unclassified;unclassified","1603",0,0,0,0,0,0,0,0,0,0,0,0,0,0,0,0,0,0,0,0,0,0,0,0,0,0,0,0,0,0,0,0,0,0,0,0,0,0,0,0,0,0,0,0,0,0,0,0,0,0,0,0,0,0,0,0,0,0,0,0,0,0,0,0,0,0,0,0,0,0,0,0,0,0,0,0,0,0,0,0,0,0,123,19,1,0,0,0,0,0,0
"103","69eb348e240d653fc829410812a20d0a",1364,"k__Bacteria;p__Cyanobacteria;c__Synechococcophycideae;o__Synechococcales;f__Synechococcaceae;g__Synechococcus;unclassified","710",1,0,0,1,0,102,62,28,0,0,0,0,0,0,6,88,16,4,2,0,0,0,0,3,47,102,45,5,0,0,0,6,5,15,4,0,0,0,6,17,4,5,0,0,0,0,5,11,14,5,1,1,2,5,12,3,0,0,12,18,23,12,9,3,0,2,101,0,0,0,0,21,119,7,4,0,0,0,0,0,13,59,186,112,16,4,0,1,0,9,0
"104","f9d47563a7a570ac100139b1de1f5378",136,"k__Bacteria;p__Bacteroidetes;c__[Saprospirae];o__[Saprospirales];bacI;bacI-A;unclassified","421",0,0,0,0,0,8,6,2,0,0,0,0,0,0,0,4,1,2,0,0,0,0,0,0,1,12,1,1,0,0,0,0,0,1,0,0,0,0,0,0,1,0,0,0,0,0,0,2,7,3,1,0,0,0,0,0,0,0,1,0,10,2,1,0,0,0,9,0,0,0,0,4,16,1,0,0,0,0,0,0,0,8,12,12,5,2,0,0,0,0,0
"105","95cee9665322a8be0271c4fef22a80df",295,"k__Bacteria;p__Cyanobacteria;c__Synechococcophycideae;o__Synechococcales;f__Synechococcaceae;g__Synechococcus;unclassified","710",0,0,0,0,0,18,12,7,0,0,0,0,0,0,1,16,3,0,1,0,0,0,0,0,6,16,12,3,1,0,0,0,0,3,0,0,0,0,2,4,1,0,0,0,0,0,1,1,2,1,0,0,1,1,3,0,0,0,1,3,12,1,5,0,0,0,28,0,0,0,2,4,25,1,0,0,0,0,0,0,2,17,31,34,11,0,0,0,0,2,0
"106","8b2b70580d97c84b4a594073da449439",138,"k__Bacteria;p__Bacteroidetes;c__[Saprospirae];o__[Saprospirales];bacI;bacI-A;unclassified","421",0,0,0,0,0,5,4,1,0,0,0,0,0,0,0,6,1,0,0,0,0,0,0,0,0,17,5,0,0,0,0,0,1,8,0,0,0,0,1,0,0,0,0,0,0,0,1,6,5,0,1,0,0,0,0,0,0,0,1,0,8,0,1,0,0,0,5,0,0,0,0,1,16,2,0,0,0,0,0,0,0,6,11,21,0,2,1,0,0,0,1
"107","57763a6909ff06b3a58e312a7dc33ed0",499,"k__Bacteria;p__Proteobacteria;c__Deltaproteobacteria;o__Desulfobacterales;f__Desulfobulbaceae;unclassified;unclassified","233",0,0,0,0,0,0,15,0,8,0,0,0,0,0,1,0,14,0,3,0,0,0,0,0,5,0,1,1,3,0,0,0,2,112,4,1,0,0,4,0,0,1,0,0,0,0,2,6,44,6,0,0,0,23,47,0,0,0,0,0,0,1,9,9,0,0,7,0,0,0,1,0,1,0,3,0,0,0,0,0,0,4,143,5,0,4,0,0,0,8,1
"108","5610bd10a6084907924940fad044b445",236,"k__Bacteria;unclassified;unclassified;unclassified;unclassified;unclassified;unclassified","818",0,0,0,0,0,0,1,0,0,0,0,0,0,0,0,0,0,0,0,0,0,0,0,0,0,1,5,0,0,0,0,0,0,42,0,0,0,0,0,0,0,0,0,0,0,0,0,0,0,0,0,0,0,0,2,0,0,0,0,0,0,20,7,5,0,0,10,0,0,0,0,0,1,0,0,0,0,0,0,0,0,0,131,10,0,0,1,0,0,0,0
"109","2287f3579c34a1d5c03420e5a09bcb43",660,"k__Bacteria;p__Bacteroidetes;unclassified;unclassified;unclassified;unclassified;unclassified","1133",0,0,0,0,0,0,0,0,0,0,0,0,0,0,0,0,7,0,0,0,0,0,0,0,2,105,57,0,0,0,0,0,0,9,0,0,0,0,0,0,0,0,0,0,0,0,0,0,4,0,0,0,0,0,0,0,0,0,0,0,0,0,0,0,0,0,0,0,0,0,0,0,2,0,0,0,0,0,0,0,0,2,362,105,5,0,0,0,0,0,0
"110","97f940fb721fd349a9bd1de1e6c6b3e1",294,"k__Bacteria;p__Bacteroidetes;c__[Saprospirae];o__[Saprospirales];bacI;bacI-A;unclassified","421",0,0,0,0,1,16,11,6,2,0,0,1,0,0,0,10,3,0,0,0,0,0,0,0,2,16,12,1,0,0,0,0,0,15,1,0,0,0,1,0,3,0,0,0,0,1,2,7,12,2,2,0,0,0,0,0,0,0,0,1,6,4,3,0,1,2,14,0,1,0,0,9,38,5,1,0,0,0,0,0,0,18,23,33,4,0,0,0,0,2,2
"111","d563f699e12ef40f470aaae3a84a51fd",152,"k__Bacteria;p__Bacteroidetes;unclassified;unclassified;unclassified;unclassified;unclassified","1771",0,0,0,0,0,25,1,0,0,0,0,0,0,0,0,7,2,1,0,0,0,0,0,0,1,1,0,0,0,0,0,0,1,1,0,0,0,0,0,3,4,0,0,0,0,0,0,1,7,1,0,0,0,0,0,0,0,0,0,0,3,0,1,0,0,1,11,0,0,0,1,0,15,1,0,0,0,0,0,0,0,8,50,4,0,1,0,0,0,0,0
"112","36f9b75c25475c75c53861f75967bca0",148,"k__Bacteria;p__Bacteroidetes;c__[Saprospirae];o__[Saprospirales];bacI;bacI-A;unclassified","421",0,0,0,0,0,13,12,3,0,0,0,0,0,0,0,6,1,1,0,0,0,0,0,0,2,5,3,0,0,0,0,0,0,8,0,0,0,0,0,0,0,0,0,0,0,0,0,8,12,0,0,0,0,0,0,0,0,0,0,0,5,3,0,0,0,0,5,0,0,0,0,2,10,3,0,0,0,0,0,0,0,10,11,20,4,0,0,0,0,0,1
"113","40137a9002c1162eb3c1c6a118b57975",192,"k__Bacteria;p__Bacteroidetes;c__Cytophagia;o__Cytophagales;f__Cytophagaceae;unclassified;unclassified","217",0,0,0,0,0,0,0,0,0,0,0,0,0,0,0,0,31,0,2,0,0,0,0,0,0,11,3,0,0,1,0,1,0,1,0,1,0,0,0,0,0,0,0,0,0,0,0,1,4,0,0,0,0,0,0,0,0,0,0,0,0,0,4,0,0,2,2,0,0,0,0,0,3,0,0,0,0,0,0,0,0,0,82,40,1,1,0,0,0,1,0
"114","48f4584bff6f31e71930fd0e0ca9cd0c",1003,"k__Bacteria;p__Bacteroidetes;unclassified;unclassified;unclassified;unclassified;unclassified","1771",0,0,0,0,0,170,2,0,0,0,0,0,0,0,0,77,13,0,0,0,0,0,0,0,7,5,2,0,0,0,0,0,1,9,0,0,0,0,0,9,9,0,0,0,0,0,0,24,56,7,0,0,0,2,0,0,0,0,0,1,7,0,0,0,0,19,107,0,0,0,0,0,137,6,0,0,0,0,0,0,0,21,276,35,0,0,0,0,0,1,0
"115","99bec891b10e8ee4cf4df10891353c92",407,"k__Bacteria;p__Cyanobacteria;c__Synechococcophycideae;o__Synechococcales;f__Synechococcaceae;unclassified;unclassified","1622",0,0,0,0,0,2,3,2,0,0,0,0,0,0,0,37,4,0,3,0,0,0,0,0,13,37,41,3,0,1,0,0,1,15,0,0,0,0,0,9,2,1,0,0,0,0,3,4,1,3,0,0,0,0,0,0,0,0,1,2,1,5,6,1,0,1,14,0,0,0,1,7,36,5,1,0,0,0,0,0,7,23,48,44,7,3,1,0,0,8,0
"116","51425223c69df670c81f28136b4fd7de",423,"k__Bacteria;p__Cyanobacteria;c__Synechococcophycideae;o__Synechococcales;f__Synechococcaceae;g__Synechococcus;unclassified","710",0,0,0,0,0,23,19,17,0,0,0,0,0,0,0,33,4,0,0,0,0,0,0,0,14,30,13,5,2,0,0,2,1,11,0,0,0,0,2,11,0,0,0,0,0,0,3,3,5,0,1,0,1,5,2,0,1,0,0,2,7,0,1,1,0,1,32,0,0,1,0,1,33,6,0,0,0,0,0,0,4,21,58,33,9,0,1,0,0,3,1
"117","1fa2eda8d99aaedb90cfd5638982ba26",2681,"k__Bacteria;unclassified;unclassified;unclassified;unclassified;unclassified;unclassified","818",0,0,0,0,0,0,1,0,0,0,0,0,0,0,0,0,1,0,0,0,0,0,0,0,0,11,37,2,0,0,0,0,0,495,3,0,0,0,0,2,1,0,0,0,0,0,0,0,0,0,0,0,0,0,10,0,0,0,0,0,1,191,84,32,0,0,101,0,0,0,0,0,2,6,1,0,0,0,0,0,0,3,1572,121,3,0,1,0,0,0,0
"118","5074f52655adc68463990603f5d452ea",333,"k__Bacteria;p__Bacteroidetes;c__[Saprospirae];o__[Saprospirales];unclassified;unclassified;unclassified","1771",0,0,0,0,0,57,0,0,0,0,0,0,0,0,0,23,8,0,0,0,0,0,0,0,2,2,0,0,1,0,0,0,0,1,0,0,0,0,0,1,3,1,0,0,0,0,1,9,12,3,1,0,0,0,0,0,0,0,0,0,5,0,0,0,0,8,36,0,0,0,0,0,38,2,0,2,0,0,0,0,0,13,96,7,0,1,0,0,0,0,0
"119","e754b26cee05b3ba1929ef27ebdafad1",690,"k__Bacteria;p__Cyanobacteria;unclassified;unclassified;unclassified;unclassified;unclassified","1544",0,0,0,0,0,2,3,0,4,0,0,0,0,0,0,18,1,0,4,0,0,0,0,0,0,2,0,0,0,0,0,0,0,6,0,0,0,0,0,1,0,0,0,0,0,0,2,4,0,1,0,0,0,0,0,0,0,0,0,0,0,11,6,0,0,0,14,1,0,0,0,0,19,2,1,2,1,0,0,0,0,37,432,69,2,17,1,1,0,26,0
"120","497ae0c19d712a941297029109a208fc",113,"k__Bacteria;unclassified;unclassified;unclassified;unclassified;unclassified;unclassified","1441",0,0,0,0,0,0,0,0,0,0,0,0,0,0,0,0,0,0,0,0,0,0,0,0,5,0,3,0,0,1,0,0,1,27,4,0,0,0,0,0,0,0,0,0,0,0,0,0,1,0,0,0,0,1,0,0,0,0,0,0,0,0,1,0,0,0,1,0,0,0,0,0,0,0,2,0,0,0,0,0,0,2,64,0,0,0,0,0,0,0,0
"121","63b1a65514f597ec1aed0327158de0be",109,"k__Bacteria;p__Bacteroidetes;unclassified;unclassified;unclassified;unclassified;unclassified","1771",0,0,0,0,0,13,2,0,0,0,0,0,0,0,0,10,3,0,0,0,0,0,0,0,0,0,0,0,0,0,0,0,0,0,0,0,0,0,0,0,1,0,0,0,0,0,0,7,9,0,0,0,0,0,0,0,0,0,0,0,0,0,0,0,0,3,3,0,0,0,0,0,12,0,0,0,0,0,0,0,0,2,43,0,0,1,0,0,0,0,0
"122","a88c8c9557dcc0b78224b825eddae8cd",148,"k__Bacteria;p__Bacteroidetes;unclassified;unclassified;unclassified;unclassified;unclassified","1771",0,0,0,0,0,37,0,0,0,0,0,0,0,0,0,8,4,0,0,0,0,0,0,0,0,1,0,0,0,0,0,0,0,0,0,0,0,0,0,0,3,0,0,0,0,0,0,4,7,2,1,0,0,0,0,0,0,0,0,2,2,0,0,0,0,2,14,0,0,0,0,0,18,0,0,0,0,0,0,0,0,1,37,5,0,0,0,0,0,0,0
"123","58821541e054dc09ee2e871568e09cbc",1720,"k__Bacteria;p__Bacteroidetes;unclassified;unclassified;unclassified;unclassified;unclassified","1443",0,0,0,5,0,145,167,201,34,0,0,0,0,0,0,172,0,0,1,0,0,0,0,0,3,66,55,10,0,0,0,0,10,9,0,0,0,0,0,0,0,0,0,0,0,0,0,1,8,0,0,0,0,0,0,0,0,0,0,0,0,0,11,0,19,80,5,0,0,9,0,3,4,66,0,0,0,0,0,0,0,41,554,21,4,15,0,1,0,0,0
"124","1ee2ffd649cb9b36a127f4db37ed6fab",203,"k__Bacteria;unclassified;unclassified;unclassified;unclassified;unclassified;unclassified","1339",0,0,0,0,0,0,0,0,0,0,0,0,0,0,0,0,0,0,0,0,0,0,0,0,0,0,0,0,0,0,0,0,0,0,0,0,0,0,0,0,0,0,0,0,0,0,0,0,0,0,0,0,0,0,0,0,0,0,0,0,0,0,0,0,0,0,6,0,0,0,0,0,0,0,0,0,0,0,0,0,0,0,104,78,15,0,0,0,0,0,0
"125","6c5c7f51fca44cd11e575b8549e449db",145,"k__Bacteria;p__Bacteroidetes;c__Cytophagia;o__Cytophagales;f__Cytophagaceae;unclassified;unclassified","1383",0,0,0,1,1,1,4,2,0,0,0,0,0,0,0,1,2,0,6,0,0,0,0,0,1,0,1,0,1,1,1,2,0,4,1,1,0,0,4,0,0,0,0,0,0,0,0,0,3,0,0,0,0,0,0,0,0,0,3,0,0,2,4,0,0,0,6,0,0,0,0,2,12,0,1,1,0,0,0,0,0,2,51,12,2,0,0,1,0,8,0
"126","a93a14682661133ced64d7411c9f96f1",227,"k__Bacteria;p__Bacteroidetes;c__[Saprospirae];o__[Saprospirales];bacI;bacI-A;unclassified","421",0,0,0,0,0,14,16,1,0,0,0,0,0,1,0,10,0,0,2,1,0,0,0,0,1,20,9,1,0,0,0,0,0,6,0,0,0,0,0,0,1,1,0,0,0,0,0,7,11,6,0,0,0,0,0,0,0,0,0,1,15,1,2,0,0,0,11,0,0,0,0,1,23,4,0,0,0,0,0,0,0,12,19,24,6,0,0,0,0,0,0
"127","801ff3ed26a29e5c78c2ef35c59184a1",124,"k__Bacteria;p__Bacteroidetes;c__[Saprospirae];o__[Saprospirales];bacI;bacI-A;unclassified","421",0,0,0,0,0,6,7,1,1,0,0,0,0,0,0,6,0,0,0,0,0,0,0,0,0,9,4,0,0,0,0,0,0,5,0,0,0,0,0,1,2,0,0,0,0,0,0,3,13,3,0,0,0,0,0,0,0,0,0,0,9,1,2,0,0,1,5,0,0,0,1,2,10,0,0,0,0,0,0,0,0,8,16,6,2,0,0,0,0,0,0
"128","4af14cadea91ede65052321ee8be82d6",110,"k__Bacteria;p__Cyanobacteria;c__Synechococcophycideae;o__Synechococcales;f__Synechococcaceae;g__Synechococcus;unclassified","417",0,0,0,0,0,0,2,0,0,0,0,0,0,0,0,40,3,0,0,0,0,0,0,0,0,1,0,0,0,0,0,0,0,1,0,0,0,0,0,0,0,0,0,0,0,0,0,0,0,0,0,0,0,0,0,0,0,0,0,0,0,2,1,0,0,0,2,0,0,0,0,0,0,0,0,0,0,0,2,0,0,1,54,1,0,0,0,0,0,0,0
"129","acc1b4c8966096ff75b5686f8ef1f329",159,"k__Bacteria;p__Proteobacteria;c__Alphaproteobacteria;unclassified;unclassified;unclassified;unclassified","802",0,0,0,0,0,36,24,5,0,0,0,0,0,0,2,17,1,0,0,0,0,0,0,1,4,5,2,0,0,0,0,0,0,0,0,0,0,0,5,0,1,1,0,0,0,0,0,0,0,0,0,0,0,2,0,0,0,0,1,3,3,1,0,0,0,0,3,0,0,0,1,1,10,1,1,0,0,0,0,0,0,2,11,12,0,2,0,0,1,0,0
"130","8909d2881ea8c4e35d57e1a2ed4df421",102,"k__Bacteria;p__Bacteroidetes;c__[Saprospirae];o__[Saprospirales];bacI;bacI-A;unclassified","421",0,0,0,0,0,4,5,2,0,0,0,0,0,0,0,4,3,0,0,0,0,0,0,0,0,5,5,0,0,0,0,0,0,2,0,0,0,0,0,0,0,1,0,0,0,0,1,1,4,3,0,0,0,0,0,0,0,0,0,0,11,1,1,0,0,1,7,0,0,0,0,2,12,1,0,0,0,0,0,0,0,3,7,14,2,0,0,0,0,0,0
"131","25ff014955e72025638af46e0d9c51b1",1012,"k__Bacteria;p__Bacteroidetes;c__[Saprospirae];o__[Saprospirales];f__Chitinophagaceae;g__Sediminibacterium;unclassified","421",0,0,0,0,0,69,46,23,2,0,0,0,0,2,1,36,10,2,0,0,0,0,1,0,9,64,26,4,2,0,0,0,0,53,1,0,0,0,0,3,3,4,0,0,0,2,3,22,58,16,3,0,0,0,0,0,0,0,5,2,49,9,6,1,0,4,52,0,0,0,0,20,139,24,0,0,0,0,0,0,2,39,71,83,29,3,1,0,1,3,4
"132","4a746a4f6c1406bb963cebb8c5deb3a5",394,"k__Bacteria;p__Bacteroidetes;unclassified;unclassified;unclassified;unclassified;unclassified","1133",0,0,0,0,0,0,0,0,0,0,0,0,0,0,0,0,1,2,0,0,0,0,0,0,2,53,34,0,0,0,0,0,0,7,0,0,0,0,0,0,0,0,0,0,0,0,0,1,1,0,0,0,0,0,0,0,0,0,0,0,0,0,2,0,0,0,0,0,0,0,0,0,7,0,0,0,0,0,0,0,0,0,223,61,0,0,0,0,0,0,0
"133","8a627b8350d4d8be8ef048ef6595933c",135,"k__Bacteria;unclassified;unclassified;unclassified;unclassified;unclassified;unclassified","192",0,0,0,0,0,14,0,0,0,0,0,0,0,0,0,0,0,0,0,0,0,0,0,0,0,1,11,0,0,0,0,0,0,0,0,0,0,0,0,0,0,0,0,0,0,0,0,0,0,0,0,0,0,0,0,0,0,0,0,0,0,0,0,0,0,0,0,0,0,0,0,0,0,0,0,0,0,0,0,0,0,2,102,5,0,0,0,0,0,0,0
"134","d379a6921888a6f84368b2798d1858e7",5363,"k__Bacteria;p__Cyanobacteria;unclassified;unclassified;unclassified;unclassified;unclassified","1544",5,0,0,0,6,162,310,68,18,0,0,2,0,3,0,285,63,2,8,0,0,0,0,1,31,27,17,0,2,2,0,0,5,11,2,0,0,0,10,44,0,0,0,0,0,1,9,16,2,3,0,0,0,11,2,0,0,0,1,9,26,27,71,0,0,31,354,0,0,0,0,40,895,46,24,6,0,0,2,0,0,220,1486,872,42,29,11,0,0,43,0
"135","c3811ad22c326610314d37e975a5bfb7",330,"k__Bacteria;p__Proteobacteria;unclassified;unclassified;unclassified;unclassified;unclassified","793",0,0,0,0,0,0,0,0,0,0,0,0,0,1,0,0,1,0,0,0,0,0,0,0,0,0,1,3,0,0,1,0,0,1,0,0,0,0,0,2,0,0,0,0,0,0,0,0,0,0,0,0,0,0,0,0,0,0,0,0,0,0,1,1,0,0,0,0,0,0,0,0,3,5,0,0,0,0,0,0,0,5,254,42,5,0,3,0,0,1,0
"136","c1796c1007251cc42ef4be4528654b19",280,"k__Bacteria;p__Bacteroidetes;unclassified;unclassified;unclassified;unclassified;unclassified","1771",0,0,0,0,0,69,0,0,0,0,0,0,0,0,0,24,4,0,0,0,0,0,0,0,1,3,0,0,0,0,0,0,2,7,0,0,0,0,0,1,5,1,0,0,0,0,1,4,12,0,0,0,0,0,0,0,0,0,0,0,4,0,0,0,0,7,19,0,0,0,0,0,30,1,0,0,0,0,0,0,0,10,62,13,0,0,0,0,0,0,0
"137","5eb74f6d4b42cdf9a63a27ab2c8025a0",684,"k__Bacteria;p__Bacteroidetes;c__[Saprospirae];o__[Saprospirales];bacI;bacI-A;unclassified","421",0,0,0,1,0,33,32,18,2,0,0,0,0,1,0,24,10,1,0,0,0,0,0,0,1,45,42,3,0,0,0,0,0,27,1,0,0,0,1,3,2,5,0,0,0,3,4,16,34,10,0,0,0,1,0,0,0,0,1,1,28,2,6,1,0,3,39,0,0,0,0,17,89,12,0,0,0,0,0,1,0,43,52,52,13,1,1,1,0,0,1
"138","b032be23ec0efad28e5bfef7b1642842",1242,"k__Bacteria;p__Bacteroidetes;c__[Saprospirae];o__[Saprospirales];bacI;bacI-A;unclassified","421",0,0,0,0,1,69,72,12,1,0,1,0,0,0,0,29,11,3,2,0,0,0,0,0,7,92,63,4,0,0,1,2,0,43,1,0,0,0,3,2,1,1,0,0,0,6,2,50,57,23,1,0,0,0,0,0,0,0,1,3,46,9,6,1,0,4,74,0,0,0,2,27,141,20,0,0,0,0,0,0,0,85,114,115,23,4,4,2,0,0,1
"139","745c65b0627a5e9aa567d36b04e3442b",285,"k__Bacteria;p__Bacteroidetes;c__[Saprospirae];o__[Saprospirales];bacI;bacI-A;unclassified","421",0,0,0,0,0,22,14,4,1,0,0,0,0,0,0,6,7,0,0,0,0,0,0,0,1,17,8,1,1,0,0,1,0,7,0,0,0,0,0,0,1,0,0,0,0,0,1,7,10,3,1,0,0,1,1,0,0,0,0,0,14,2,2,0,0,0,17,0,0,0,0,7,55,13,0,0,0,0,0,0,0,9,22,27,1,0,0,0,0,1,0
"140","a696bb5cf5e765c4bf3898efb623c84d",142,"k__Bacteria;p__Bacteroidetes;c__[Saprospirae];o__[Saprospirales];bacI;bacI-A;unclassified","421",0,0,0,0,0,5,11,2,0,0,0,0,0,0,0,3,1,1,1,0,0,0,0,0,0,12,4,0,0,0,0,0,0,6,0,0,0,0,0,0,0,0,0,0,0,1,2,3,11,4,0,0,0,0,0,0,0,0,0,0,5,0,2,0,0,0,8,0,0,0,0,2,24,4,0,0,0,0,0,0,0,9,8,11,2,0,0,0,0,0,0
"141","3974ad43bdb4d7fac2e86d7993fc2ef1",265,"k__Bacteria;p__Bacteroidetes;c__[Saprospirae];o__[Saprospirales];bacI;bacI-A;unclassified","421",0,0,0,0,0,20,20,4,0,0,0,0,0,0,0,17,4,1,1,0,0,0,0,0,1,19,9,0,0,0,0,0,0,13,0,0,0,0,1,0,1,0,0,0,0,1,1,6,14,4,4,0,0,0,0,0,0,0,1,0,7,2,2,0,0,1,11,0,0,0,0,7,30,2,0,0,0,0,0,0,0,14,16,27,2,1,1,0,0,0,0
"142","b58920cfa9a87372c0db552b256f2e3c",227,"k__Bacteria;p__Bacteroidetes;c__[Saprospirae];o__[Saprospirales];bacI;bacI-A;unclassified","421",0,0,0,1,0,7,15,3,0,0,0,0,0,0,0,6,0,0,0,0,0,0,0,0,1,11,10,1,0,1,0,0,0,11,0,0,0,0,0,2,1,1,0,0,0,0,1,10,9,3,2,0,0,0,0,0,0,0,0,1,12,0,1,0,0,1,10,0,0,0,0,2,28,7,0,0,0,0,0,0,0,18,22,23,5,0,0,0,0,1,0
"143","52a867f72a6520d1c53a8ead6727a0c1",125,"k__Bacteria;p__Bacteroidetes;c__[Saprospirae];o__[Saprospirales];bacI;bacI-A;unclassified","421",0,0,0,0,0,11,7,3,0,0,0,0,0,1,0,3,0,0,0,0,0,0,0,0,1,6,3,0,0,0,0,0,0,2,0,0,0,0,0,0,1,1,0,0,0,0,0,5,9,3,1,0,0,0,0,0,0,0,0,0,6,0,0,0,0,0,7,0,0,0,0,6,16,3,0,0,0,0,0,0,0,3,9,12,3,0,2,0,0,0,1
"144","95a72520b1ef9f468f9a8caf09bc966f",676,"k__Bacteria;p__Bacteroidetes;c__[Saprospirae];o__[Saprospirales];bacI;bacI-A;unclassified","421",0,0,0,0,0,39,34,16,1,0,0,0,0,1,0,32,5,3,0,0,0,0,0,1,2,47,20,4,3,0,0,1,0,40,0,0,0,0,1,0,2,0,0,0,0,1,1,27,34,8,0,0,0,1,1,0,0,0,0,3,33,4,6,0,0,2,25,0,0,0,1,10,44,16,0,0,0,0,0,0,1,41,58,70,31,4,0,0,0,2,0
"145","dbe34c6e02ea2f78abbc32fd6d414ba9",129,"k__Bacteria;p__Bacteroidetes;unclassified;unclassified;unclassified;unclassified;unclassified","1771",0,0,0,0,0,51,0,0,0,0,0,0,0,0,0,11,4,0,0,0,0,0,0,0,0,1,0,0,0,0,0,0,0,2,0,0,0,0,0,1,1,0,0,0,0,0,0,1,6,1,0,0,0,0,0,0,0,0,0,0,2,0,0,0,0,2,7,0,0,0,0,0,11,0,0,0,0,0,0,0,0,3,22,3,0,0,0,0,0,0,0
"146","82b5c7df2076eb22510b9d510983e70c",1348,"k__Bacteria;p__Bacteroidetes;c__[Saprospirae];o__[Saprospirales];bacI;bacI-A;unclassified","421",0,0,0,0,0,74,90,24,0,0,0,1,0,2,0,41,27,3,2,0,0,0,0,0,7,90,49,6,0,0,0,1,0,54,3,0,0,0,0,1,3,3,0,0,0,3,5,38,82,16,9,0,0,2,1,0,0,0,1,3,54,6,16,3,0,8,62,0,0,0,1,29,191,18,0,0,0,0,0,0,1,63,104,113,28,5,1,0,0,1,3
"147","356e45cf3f71c8b5aff1d72eb5201971",1009,"k__Bacteria;p__Verrucomicrobia;c__[Spartobacteria];o__[Chthoniobacterales];verI-B;Xip-B1;unclassified","936",0,0,0,0,0,10,3,4,2,0,0,1,0,0,0,10,21,0,7,0,1,0,0,0,0,11,3,1,0,0,0,2,7,2,0,3,1,0,3,6,0,0,0,1,7,2,0,1,0,0,1,0,0,14,18,1,2,0,17,9,0,0,6,0,0,0,154,0,0,0,0,3,0,26,0,1,16,15,2,1,0,0,567,0,0,4,7,3,0,33,0
"148","f81ec2010178988769833413a192a029",11571,"k__Bacteria;p__Cyanobacteria;c__Synechococcophycideae;o__Synechococcales;f__Synechococcaceae;g__Synechococcus;unclassified","1286",0,0,5,4,33,1943,1100,645,18,0,0,4,0,16,30,341,38,8,5,0,0,0,0,15,492,871,250,25,3,0,1,138,17,16,0,1,1,0,39,145,19,6,0,0,0,0,18,29,23,8,0,1,13,13,5,0,0,0,1,22,26,10,13,10,0,59,1462,0,0,0,3,55,670,74,9,6,0,1,0,0,9,492,1655,542,92,11,2,0,3,5,0
"149","4b81b1279c2d7cac55af40889bb9e451",147,"k__Bacteria;p__Bacteroidetes;c__[Saprospirae];o__[Saprospirales];bacI;bacI-A;unclassified","421",0,0,0,0,0,6,9,3,0,0,0,0,0,0,0,5,2,1,0,0,0,0,0,0,1,12,5,1,0,0,0,0,0,4,0,0,0,0,0,1,1,0,0,0,0,1,1,4,13,3,0,0,0,0,0,0,0,0,0,1,8,1,0,0,0,0,7,0,0,0,0,4,16,3,0,0,0,0,0,0,0,9,13,8,3,1,0,0,0,0,0
"150","1d29902c8eca72413ee442a12429a393",395,"k__Bacteria;p__Bacteroidetes;unclassified;unclassified;unclassified;unclassified;unclassified","1771",0,0,0,0,0,86,1,0,0,0,0,0,0,0,0,26,7,0,0,0,0,0,0,0,1,3,0,0,0,0,0,0,0,4,0,0,0,0,0,4,12,0,0,0,0,0,1,11,12,5,1,1,0,0,0,0,0,0,0,1,4,1,0,0,0,7,55,0,0,0,0,0,41,2,1,0,0,0,0,0,0,10,88,8,0,2,0,0,0,0,0
"151","6b83c6aabd428ed55f847675d8ec6540",264,"k__Bacteria;p__Chloroflexi;c__Chloroflexi;o__[Roseiflexales];unclassified;unclassified;unclassified","1288",0,0,0,0,0,0,0,0,0,0,0,0,0,0,0,11,0,0,0,0,0,0,0,0,0,20,31,0,0,0,0,0,0,9,0,0,0,0,0,0,0,0,0,0,0,0,0,1,13,6,0,0,0,0,0,0,0,0,0,0,0,0,0,0,0,1,46,0,0,0,0,0,0,1,0,0,0,0,0,0,0,3,120,2,0,0,0,0,0,0,0
"152","44e2e7fbc02ad06d858bd648261c88d9",512,"k__Bacteria;unclassified;unclassified;unclassified;unclassified;unclassified;unclassified","192",0,0,0,0,0,21,0,0,0,0,0,0,0,0,0,0,0,0,0,0,0,0,0,0,0,5,34,0,0,0,0,0,0,2,0,0,0,0,0,0,0,0,0,0,0,0,0,0,0,0,0,0,0,0,0,0,0,0,0,0,0,0,2,0,0,0,0,0,0,0,0,0,2,0,0,0,0,0,0,0,0,8,424,14,0,0,0,0,0,0,0
"153","e06ae53f4813831b73a4c3bf05059cb7",210,"k__Bacteria;p__Bacteroidetes;unclassified;unclassified;unclassified;unclassified;unclassified","170",0,0,0,0,1,1,0,0,0,0,0,0,0,0,0,0,1,0,0,0,0,0,0,0,0,0,0,1,1,0,0,0,0,1,0,0,0,0,0,0,0,0,0,0,0,0,0,0,0,0,0,0,0,0,0,0,0,0,0,0,0,0,0,0,0,0,0,0,0,0,0,5,88,1,0,0,0,0,0,0,0,2,80,15,3,1,1,0,0,8,0
"154","e9295045825221cfd42867444d584e57",760,"k__Bacteria;p__Bacteroidetes;c__[Saprospirae];o__[Saprospirales];bacI;bacI-A;unclassified","1552",0,0,0,0,2,33,49,19,1,0,0,0,0,0,0,34,12,0,1,0,1,0,0,0,4,55,32,2,1,3,0,0,2,37,0,2,1,1,2,2,2,2,0,0,0,5,3,32,40,17,2,0,0,0,0,0,0,0,3,0,19,5,4,0,0,5,33,0,0,0,0,22,73,19,0,0,0,0,1,0,0,37,51,66,13,2,2,0,1,2,3
"155","7d1f9942febf313f64d8750be929ed47",136,"k__Bacteria;p__Bacteroidetes;c__Flavobacteriia;o__Flavobacteriales;unclassified;unclassified;unclassified","690",0,0,0,0,0,0,0,0,0,0,0,0,0,0,0,0,0,0,0,0,0,0,0,0,0,0,0,0,0,0,0,0,0,0,1,0,0,0,0,0,0,0,0,0,0,0,0,0,0,0,0,0,0,0,0,0,0,0,0,0,0,0,0,0,0,0,0,0,0,0,0,0,0,0,0,0,0,0,0,0,0,0,131,2,2,0,0,0,0,0,0
"156","3a480898227168c548d84024b3590c8f",1393,"k__Bacteria;p__Proteobacteria;c__Alphaproteobacteria;o__Rhizobiales;alfVII;unclassified;unclassified","802",0,0,2,0,2,205,167,51,1,0,0,0,0,0,5,152,29,2,2,0,0,0,0,3,33,39,12,1,2,1,0,0,13,10,2,1,0,0,14,15,9,3,0,0,0,0,3,3,0,0,0,0,0,23,10,0,0,0,34,29,15,12,1,0,0,4,22,0,0,0,0,8,122,14,2,0,0,0,0,0,1,33,165,91,8,9,2,2,2,2,0
"157","8c5213909543c148c21ddb67b1418c6b",163,"k__Bacteria;p__Cyanobacteria;c__Synechococcophycideae;o__Synechococcales;f__Synechococcaceae;g__Synechococcus;unclassified","1544",0,0,0,0,0,1,1,0,0,0,0,0,0,0,0,17,0,0,0,0,0,0,0,0,2,1,0,0,0,0,0,0,0,0,0,0,0,0,0,1,0,0,0,0,0,0,0,0,0,0,0,0,0,0,0,0,0,0,0,0,1,1,1,0,0,0,13,0,0,0,0,2,7,1,1,0,0,0,0,0,0,12,66,35,0,0,0,0,0,0,0
